t2,ch1,t2,ch2
0,1.002037649,-0.000387554,0.016100887
5.00E-07,1.008064566,-0.000387054,0.019096401
0.000001,1.002037649,-0.000386554,0.018097897
1.50E-06,0.992997274,-0.000386054,0.020094906
0.000002,1.010073538,-0.000385554,0.014103878
2.50E-06,1.010073538,-0.000385054,0.000124813
0.000003,1.014091482,-0.000384554,0.012106869
3.50E-06,1.018109426,-0.000384054,0.009111355
-0.000383554,1.010073538,-0.000383554,0.019096401
-0.000383054,1.002037649,-0.000383054,0.014103878
-0.000382554,1.002037649,-0.000382554,0.016100887
-0.000382054,1.001033163,-0.000382054,0.015102383
-0.000381554,0.987974844,-0.000381554,0.018097897
-0.000381054,0.998019705,-0.000381054,0.014103878
-0.000380554,0.990988302,-0.000380554,0.012106869
-0.000380054,1.000028677,-0.000380054,0.012106869
-0.000379554,1.006055593,-0.000379554,0.005117336
-0.000379054,1.002037649,-0.000379054,0.019096401
-0.000378554,1.001033163,-0.000378554,0.005117336
-0.000378054,1.016100454,-0.000378054,0.026085934
-0.000377554,1.000028677,-0.000377554,0.02309042
-0.000377054,1.002037649,-0.000377054,0.019096401
-0.000376554,0.996010733,-0.000376554,0.009111355
-0.000376054,1.008064566,-0.000376054,0.006115841
-0.000375554,1.009069052,-0.000375554,0.022091915
-0.000375054,1.005051107,-0.000375054,0.017099392
-0.000374554,1.006055593,-0.000374554,0.006115841
-0.000374054,1.009069052,-0.000374054,0.006115841
-0.000373554,1.014091482,-0.000373554,0.014103878
-0.000373054,1.005051107,-0.000373054,0.018097897
-0.000372554,1.008064566,-0.000372554,0.012106869
-0.000372054,1.010073538,-0.000372054,0.006115841
-0.000371554,1.00706008,-0.000371554,0.002121822
-0.000371054,1.002037649,-0.000371054,0.014103878
-0.000370554,1.010073538,-0.000370554,0.013105373
-0.000370054,1.018109426,-0.000370054,0.010109859
-0.000369554,1.01208251,-0.000369554,0.016100887
-0.000369054,1.010073538,-0.000369054,0.012106869
-0.000368554,0.735848837,-0.000368554,-0.44620676
-0.000368054,0.221551962,-0.000368054,-0.546057224
-0.000367554,0.096995687,-0.000367554,-0.473166386
-0.000367054,0.063847647,-0.000367054,-0.37730994
-0.000366554,0.049784842,-0.000366554,-0.305417606
-0.000366054,0.030699606,-0.000366054,-0.244508823
-0.000365554,0.032708578,-0.000365554,-0.193585087
-0.000365054,0.033713064,-0.000365054,-0.141662846
-0.000364554,0.03471755,-0.000364554,-0.108712193
-0.000364054,0.036726522,-0.000364054,-0.071767521
-0.000363554,0.022663717,-0.000363554,-0.065776493
-0.000363054,0.030699606,-0.000363054,-0.049800419
-0.000362554,0.032708578,-0.000362554,-0.020843784
-0.000362054,0.027686148,-0.000362054,-0.018846775
-0.000361554,0.031704092,-0.000361554,-0.021842289
-0.000361054,0.023668203,-0.000361054,-0.012855747
-0.000360554,0.03471755,-0.000360554,-0.006864719
-0.000360054,0.013623343,-0.000360054,0.003120327
-0.000359554,0.018645773,-0.000359554,0.017099392
-0.000359054,0.03471755,-0.000359054,0.002121822
-0.000358554,0.03471755,-0.000358554,0.016100887
-0.000358054,0.037731009,-0.000358054,0.018097897
-0.000357554,0.025677176,-0.000357554,0.009111355
-0.000357054,0.028690634,-0.000357054,0.016100887
-0.000356554,0.027686148,-0.000356554,0.009111355
-0.000356054,0.017641287,-0.000356054,0.018097897
-0.000355554,0.020654745,-0.000355554,0.016100887
-0.000355054,0.025677176,-0.000355054,0.010109859
-0.000354554,0.025677176,-0.000354554,0.013105373
-0.000354054,0.021659231,-0.000354054,0.022091915
-0.000353554,0.003578482,-0.000353554,0.015102383
-0.000353054,0.023668203,-0.000353054,0.022091915
-0.000352554,0.020654745,-0.000352554,0.016100887
-0.000352054,0.013623343,-0.000352054,0.015102383
-0.000351554,0.021659231,-0.000351554,0.016100887
-0.000351054,0.01161437,-0.000351054,0.013105373
-0.000350554,0.009605398,-0.000350554,0.012106869
-0.000350054,0.018645773,-0.000350054,0.010109859
-0.000349554,0.025677176,-0.000349554,0.012106869
-0.000349054,0.022663717,-0.000349054,0.003120327
-0.000348554,0.026681662,-0.000348554,0.012106869
-0.000348054,0.019650259,-0.000348054,0.009111355
-0.000347554,0.031704092,-0.000347554,0.010109859
-0.000347054,0.025677176,-0.000347054,0.018097897
-0.000346554,0.017641287,-0.000346554,0.014103878
-0.000346054,0.028690634,-0.000346054,0.012106869
-0.000345554,0.022663717,-0.000345554,0.018097897
-0.000345054,0.009605398,-0.000345054,0.010109859
-0.000344554,0.019650259,-0.000344554,0.006115841
-0.000344054,0.027686148,-0.000344054,0.009111355
-0.000343554,0.039739981,-0.000343554,0.012106869
-0.000343054,0.022663717,-0.000343054,0.014103878
-0.000342554,0.017641287,-0.000342554,0.002121822
-0.000342054,0.033713064,-0.000342054,0.004118832
-0.000341554,0.032708578,-0.000341554,0.016100887
-0.000341054,0.016636801,-0.000341054,0.00811285
-0.000340554,-0.000439463,-0.000340554,0.020094906
-0.000340054,0.014627829,-0.000340054,-0.008861729
-0.000339554,0.027686148,-0.000339554,0.004118832
-0.000339054,0.025677176,-0.000339054,0.001123318
-0.000338554,0.027686148,-0.000338554,0.006115841
-0.000338054,0.025677176,-0.000338054,0.017099392
-0.000337554,0.024672689,-0.000337554,0.00811285
-0.000337054,0.020654745,-0.000337054,0.012106869
-0.000336554,0.03471755,-0.000336554,0.006115841
-0.000336054,0.030699606,-0.000336054,0.02109341
-0.000335554,0.017641287,-0.000335554,0.017099392
-0.000335054,0.027686148,-0.000335054,0.012106869
-0.000334554,0.026681662,-0.000334554,0.015102383
-0.000334054,0.023668203,-0.000334054,-0.001872196
-0.000333554,0.019650259,-0.000333554,0.00811285
-0.000333054,0.025677176,-0.000333054,0.006115841
-0.000332554,0.039739981,-0.000332554,0.006115841
-0.000332054,0.030699606,-0.000332054,0.022091915
-0.000331554,0.025677176,-0.000331554,0.018097897
-0.000331054,0.023668203,-0.000331054,0.014103878
-0.000330554,0.019650259,-0.000330554,0.010109859
-0.000330054,0.021659231,-0.000330054,0.018097897
-0.000329554,0.017641287,-0.000329554,0.012106869
-0.000329054,0.024672689,-0.000329054,0.016100887
-0.000328554,0.038735495,-0.000328554,0.035072475
-0.000328054,0.02969512,-0.000328054,0.030079952
-0.000327554,0.091973257,-0.000327554,0.305667233
-0.000327054,0.792100058,-0.000327054,0.569272457
-0.000326554,0.921678762,-0.000326554,0.513356197
-0.000326054,0.986970358,-0.000326054,0.425487789
-0.000325554,0.991992788,-0.000325554,0.350599941
-0.000325054,1.002037649,-0.000325054,0.269721066
-0.000324554,0.995006247,-0.000324554,0.220794338
-0.000324054,1.005051107,-0.000324054,0.174863125
-0.000323554,1.016100454,-0.000323554,0.131927425
-0.000323054,1.000028677,-0.000323054,0.111957333
-0.000322554,0.989983816,-0.000322554,0.085996212
-0.000322054,0.998019705,-0.000322054,0.081003689
-0.000321554,0.995006247,-0.000321554,0.055042568
-0.000321054,0.989983816,-0.000321054,0.033075466
-0.000320554,1.008064566,-0.000320554,0.033075466
-0.000320054,0.998019705,-0.000320054,0.030079952
-0.000319554,0.990988302,-0.000319554,0.033075466
-0.000319054,0.996010733,-0.000319054,0.02109341
-0.000318554,1.000028677,-0.000318554,0.034073971
-0.000318054,0.996010733,-0.000318054,0.02109341
-0.000317554,1.013086996,-0.000317554,0.006115841
-0.000317054,1.000028677,-0.000317054,0.018097897
-0.000316554,1.006055593,-0.000316554,0.014103878
-0.000316054,0.996010733,-0.000316054,0.018097897
-0.000315554,1.00706008,-0.000315554,0.012106869
-0.000315054,1.002037649,-0.000315054,0.016100887
-0.000314554,1.000028677,-0.000314554,0.006115841
-0.000314054,1.000028677,-0.000314054,0.013105373
-0.000313554,1.006055593,-0.000313554,0.009111355
-0.000313054,1.00706008,-0.000313054,0.006115841
-0.000312554,0.991992788,-0.000312554,0.016100887
-0.000312054,0.984961386,-0.000312054,0.014103878
-0.000311554,0.996010733,-0.000311554,0.012106869
-0.000311054,1.008064566,-0.000311054,0.006115841
-0.000310554,1.000028677,-0.000310554,0.019096401
-0.000310054,0.998019705,-0.000310054,0.018097897
-0.000309554,1.010073538,-0.000309554,0.020094906
-0.000309054,1.000028677,-0.000309054,0.019096401
-0.000308554,0.991992788,-0.000308554,0.019096401
-0.000308054,1.002037649,-0.000308054,0.016100887
-0.000307554,1.008064566,-0.000307554,0.006115841
-0.000307054,1.008064566,-0.000307054,0.014103878
-0.000306554,1.002037649,-0.000306554,0.018097897
-0.000306054,1.009069052,-0.000306054,0.011108364
-0.000305554,1.002037649,-0.000305554,0.009111355
-0.000305054,1.002037649,-0.000305054,0.006115841
-0.000304554,1.014091482,-0.000304554,-0.001872196
-0.000304054,1.016100454,-0.000304054,0.022091915
-0.000303554,1.000028677,-0.000303554,0.002121822
-0.000303054,1.000028677,-0.000303054,0.018097897
-0.000302554,0.990988302,-0.000302554,0.014103878
-0.000302054,0.997015219,-0.000302054,0.000124813
-0.000301554,1.008064566,-0.000301554,0.013105373
-0.000301054,1.002037649,-0.000301054,0.014103878
-0.000300554,0.999024191,-0.000300554,0.001123318
-0.000300054,1.013086996,-0.000300054,-0.003869205
-0.000299554,1.002037649,-0.000299554,-0.005866215
-0.000299054,1.004046621,-0.000299054,0.014103878
-0.000298554,0.996010733,-0.000298554,0.020094906
-0.000298054,1.004046621,-0.000298054,0.018097897
-0.000297554,1.004046621,-0.000297554,0.02309042
-0.000297054,0.989983816,-0.000297054,0.016100887
-0.000296554,1.010073538,-0.000296554,0.015102383
-0.000296054,1.008064566,-0.000296054,0.019096401
-0.000295554,0.999024191,-0.000295554,0.020094906
-0.000295054,1.002037649,-0.000295054,0.016100887
-0.000294554,1.008064566,-0.000294554,0.002121822
-0.000294054,1.010073538,-0.000294054,0.003120327
-0.000293554,1.005051107,-0.000293554,0.012106869
-0.000293054,1.01208251,-0.000293054,0.017099392
-0.000292554,1.002037649,-0.000292554,0.016100887
-0.000292054,1.006055593,-0.000292054,0.018097897
-0.000291554,1.002037649,-0.000291554,0.019096401
-0.000291054,1.005051107,-0.000291054,0.006115841
-0.000290554,1.010073538,-0.000290554,0.016100887
-0.000290054,1.013086996,-0.000290054,0.024088924
-0.000289554,1.014091482,-0.000289554,0.022091915
-0.000289054,0.999024191,-0.000289054,0.016100887
-0.000288554,0.987974844,-0.000288554,0.005117336
-0.000288054,1.002037649,-0.000288054,0.020094906
-0.000287554,1.008064566,-0.000287554,0.010109859
-0.000287054,1.010073538,-0.000287054,-0.003869205
-0.000286554,0.744889212,-0.000286554,-0.432227695
-0.000286054,0.202466726,-0.000286054,-0.527085636
-0.000285554,0.094986715,-0.000285554,-0.479157413
-0.000285054,0.056816244,-0.000285054,-0.401274052
-0.000284554,0.033713064,-0.000284554,-0.313405643
-0.000284054,0.02969512,-0.000284054,-0.245507328
-0.000283554,0.02969512,-0.000283554,-0.190589573
-0.000283054,0.019650259,-0.000283054,-0.153644901
-0.000282554,0.032708578,-0.000282554,-0.105716679
-0.000282054,0.031704092,-0.000282054,-0.097728642
-0.000281554,0.028690634,-0.000281554,-0.059785465
-0.000281054,0.033713064,-0.000281054,-0.035821354
-0.000280554,0.03471755,-0.000280554,-0.037818363
-0.000280054,0.035722036,-0.000280054,-0.021842289
-0.000279554,0.025677176,-0.000279554,-0.008861729
-0.000279054,0.025677176,-0.000279054,-0.007863224
-0.000278554,0.020654745,-0.000278554,-0.008861729
-0.000278054,0.02969512,-0.000278054,-0.006864719
-0.000277554,0.025677176,-0.000277554,-0.007863224
-0.000277054,0.021659231,-0.000277054,0.006115841
-0.000276554,0.030699606,-0.000276554,0.011108364
-0.000276054,0.032708578,-0.000276054,0.006115841
-0.000275554,0.023668203,-0.000275554,0.002121822
-0.000275054,0.027686148,-0.000275054,0.010109859
-0.000274554,0.033713064,-0.000274554,0.009111355
-0.000274054,0.021659231,-0.000274054,0.006115841
-0.000273554,0.021659231,-0.000273554,0.000124813
-0.000273054,0.013623343,-0.000273054,0.018097897
-0.000272554,0.018645773,-0.000272554,-0.001872196
-0.000272054,0.019650259,-0.000272054,0.006115841
-0.000271554,0.027686148,-0.000271554,0.006115841
-0.000271054,0.026681662,-0.000271054,0.014103878
-0.000270554,0.021659231,-0.000270554,0.022091915
-0.000270054,0.02969512,-0.000270054,0.02109341
-0.000269554,0.033713064,-0.000269554,0.005117336
-0.000269054,0.024672689,-0.000269054,0.018097897
-0.000268554,0.018645773,-0.000268554,0.017099392
-0.000268054,0.014627829,-0.000268054,0.006115841
-0.000267554,0.026681662,-0.000267554,0.018097897
-0.000267054,0.035722036,-0.000267054,0.013105373
-0.000266554,0.022663717,-0.000266554,0.004118832
-0.000266054,0.030699606,-0.000266054,0.006115841
-0.000265554,0.014627829,-0.000265554,0.018097897
-0.000265054,0.025677176,-0.000265054,0.018097897
-0.000264554,0.022663717,-0.000264554,0.015102383
-0.000264054,0.022663717,-0.000264054,0.02109341
-0.000263554,0.009605398,-0.000263554,0.019096401
-0.000263054,0.021659231,-0.000263054,0.018097897
-0.000262554,0.013623343,-0.000262554,0.016100887
-0.000262054,0.028690634,-0.000262054,0.015102383
-0.000261554,0.025677176,-0.000261554,0.009111355
-0.000261054,0.015632315,-0.000261054,-0.000873692
-0.000260554,0.027686148,-0.000260554,0.000124813
-0.000260054,0.018645773,-0.000260054,-0.001872196
-0.000259554,0.013623343,-0.000259554,-0.005866215
-0.000259054,0.021659231,-0.000259054,0.006115841
-0.000258554,0.021659231,-0.000258554,0.009111355
-0.000258054,0.01161437,-0.000258054,0.001123318
-0.000257554,0.027686148,-0.000257554,0.003120327
-0.000257054,0.022663717,-0.000257054,0.006115841
-0.000256554,0.023668203,-0.000256554,0.026085934
-0.000256054,0.022663717,-0.000256054,0.029081448
-0.000255554,0.01161437,-0.000255554,0.006115841
-0.000255054,0.014627829,-0.000255054,0.018097897
-0.000254554,0.028690634,-0.000254554,0.016100887
-0.000254054,0.023668203,-0.000254054,0.020094906
-0.000253554,0.033713064,-0.000253554,0.015102383
-0.000253054,0.035722036,-0.000253054,0.020094906
-0.000252554,0.019650259,-0.000252554,0.013105373
-0.000252054,0.027686148,-0.000252054,0.006115841
-0.000251554,0.019650259,-0.000251554,0.017099392
-0.000251054,0.016636801,-0.000251054,0.02109341
-0.000250554,0.028690634,-0.000250554,0.019096401
-0.000250054,0.025677176,-0.000250054,0.005117336
-0.000249554,0.008600912,-0.000249554,0.011108364
-0.000249054,0.009605398,-0.000249054,0.004118832
-0.000248554,0.025677176,-0.000248554,0.00811285
-0.000248054,0.022663717,-0.000248054,0.000124813
-0.000247554,0.018645773,-0.000247554,0.00811285
-0.000247054,0.025677176,-0.000247054,0.000124813
-0.000246554,0.02969512,-0.000246554,-0.001872196
-0.000246054,0.019650259,-0.000246054,0.02309042
-0.000245554,0.082932882,-0.000245554,0.304668728
-0.000245054,0.775023794,-0.000245054,0.565278439
-0.000244554,0.91966979,-0.000244554,0.517350216
-0.000244054,0.967885122,-0.000244054,0.42349078
-0.000243554,0.99400176,-0.000243554,0.353595455
-0.000243054,0.98897933,-0.000243054,0.275712093
-0.000242554,0.991992788,-0.000242554,0.219795834
-0.000242054,1.002037649,-0.000242054,0.175861629
-0.000241554,1.010073538,-0.000241554,0.137918453
-0.000241054,0.991992788,-0.000241054,0.111957333
-0.000240554,1.00706008,-0.000240554,0.087993221
-0.000240054,1.00706008,-0.000240054,0.081003689
-0.000239554,1.010073538,-0.000239554,0.074014156
-0.000239054,1.005051107,-0.000239054,0.058038082
-0.000238554,1.00706008,-0.000238554,0.028082943
-0.000238054,1.009069052,-0.000238054,0.017099392
-0.000237554,1.010073538,-0.000237554,0.020094906
-0.000237054,0.990988302,-0.000237054,0.020094906
-0.000236554,0.984961386,-0.000236554,0.019096401
-0.000236054,0.997015219,-0.000236054,0.016100887
-0.000235554,1.000028677,-0.000235554,0.022091915
-0.000235054,1.001033163,-0.000235054,0.006115841
-0.000234554,1.008064566,-0.000234554,0.010109859
-0.000234054,1.010073538,-0.000234054,0.006115841
-0.000233554,1.010073538,-0.000233554,0.017099392
-0.000233054,1.013086996,-0.000233054,0.009111355
-0.000232554,1.002037649,-0.000232554,0.003120327
-0.000232054,1.004046621,-0.000232054,0.026085934
-0.000231554,1.002037649,-0.000231554,0.017099392
-0.000231054,1.014091482,-0.000231054,0.009111355
-0.000230554,1.009069052,-0.000230554,0.002121822
-0.000230054,1.006055593,-0.000230054,0.003120327
-0.000229554,1.000028677,-0.000229554,0.006115841
-0.000229054,1.005051107,-0.000229054,0.003120327
-0.000228554,0.991992788,-0.000228554,0.006115841
-0.000228054,0.990988302,-0.000228054,0.017099392
-0.000227554,0.990988302,-0.000227554,0.018097897
-0.000227054,0.999024191,-0.000227054,0.017099392
-0.000226554,0.995006247,-0.000226554,0.013105373
-0.000226054,0.992997274,-0.000226054,0.015102383
-0.000225554,0.99400176,-0.000225554,0.010109859
-0.000225054,0.996010733,-0.000225054,0.001123318
-0.000224554,0.998019705,-0.000224554,0.013105373
-0.000224054,0.998019705,-0.000224054,0.016100887
-0.000223554,1.010073538,-0.000223554,0.016100887
-0.000223054,1.002037649,-0.000223054,0.002121822
-0.000222554,1.016100454,-0.000222554,0.020094906
-0.000222054,0.998019705,-0.000222054,0.006115841
-0.000221554,0.998019705,-0.000221554,0.00811285
-0.000221054,1.000028677,-0.000221054,0.006115841
-0.000220554,0.997015219,-0.000220554,0.000124813
-0.000220054,0.99400176,-0.000220054,0.006115841
-0.000219554,1.002037649,-0.000219554,0.00811285
-0.000219054,0.998019705,-0.000219054,0.015102383
-0.000218554,1.010073538,-0.000218554,0.016100887
-0.000218054,1.008064566,-0.000218054,0.014103878
-0.000217554,1.002037649,-0.000217554,0.014103878
-0.000217054,1.002037649,-0.000217054,0.006115841
-0.000216554,1.020118399,-0.000216554,0.006115841
-0.000216054,1.015095968,-0.000216054,0.001123318
-0.000215554,1.010073538,-0.000215554,0.014103878
-0.000215054,1.006055593,-0.000215054,0.014103878
-0.000214554,1.002037649,-0.000214554,0.015102383
-0.000214054,1.002037649,-0.000214054,0.011108364
-0.000213554,0.991992788,-0.000213554,0.010109859
-0.000213054,1.002037649,-0.000213054,0.018097897
-0.000212554,1.010073538,-0.000212554,0.022091915
-0.000212054,1.018109426,-0.000212054,0.017099392
-0.000211554,1.020118399,-0.000211554,0.003120327
-0.000211054,0.999024191,-0.000211054,0.010109859
-0.000210554,1.009069052,-0.000210554,0.010109859
-0.000210054,1.010073538,-0.000210054,0.012106869
-0.000209554,1.002037649,-0.000209554,0.012106869
-0.000209054,0.999024191,-0.000209054,0.015102383
-0.000208554,1.020118399,-0.000208554,0.022091915
-0.000208054,1.013086996,-0.000208054,0.02309042
-0.000207554,1.01710494,-0.000207554,0.016100887
-0.000207054,1.008064566,-0.000207054,0.002121822
-0.000206554,1.001033163,-0.000206554,0.006115841
-0.000206054,1.002037649,-0.000206054,0.027084438
-0.000205554,1.002037649,-0.000205554,0.025087429
-0.000205054,1.002037649,-0.000205054,0.006115841
-0.000204554,0.741875753,-0.000204554,-0.449202274
-0.000204054,0.209498129,-0.000204054,-0.538069187
-0.000203554,0.090968771,-0.000203554,-0.473166386
-0.000203054,0.053802786,-0.000203054,-0.401274052
-0.000202554,0.02969512,-0.000202554,-0.315402653
-0.000202054,0.025677176,-0.000202054,-0.245507328
-0.000201554,0.03471755,-0.000201554,-0.190589573
-0.000201054,0.027686148,-0.000201054,-0.160634434
-0.000200554,0.023668203,-0.000200554,-0.112706211
-0.000200054,0.033713064,-0.000200054,-0.094733128
-0.000199554,0.025677176,-0.000199554,-0.06078397
-0.000199054,0.035722036,-0.000199054,-0.052795933
-0.000198554,0.031704092,-0.000198554,-0.035821354
-0.000198054,0.027686148,-0.000198054,-0.029830326
-0.000197554,0.016636801,-0.000197554,-0.029830326
-0.000197054,0.031704092,-0.000197054,-0.014852757
-0.000196554,0.028690634,-0.000196554,-0.000873692
-0.000196054,0.018645773,-0.000196054,-0.003869205
-0.000195554,0.015632315,-0.000195554,0.006115841
-0.000195054,0.024672689,-0.000195054,0.009111355
-0.000194554,0.027686148,-0.000194554,0.001123318
-0.000194054,0.035722036,-0.000194054,0.004118832
-0.000193554,0.033713064,-0.000193554,0.006115841
-0.000193054,0.035722036,-0.000193054,0.004118832
-0.000192554,0.040744467,-0.000192554,0.013105373
-0.000192054,0.042753439,-0.000192054,0.004118832
-0.000191554,0.02969512,-0.000191554,0.016100887
-0.000191054,0.021659231,-0.000191054,0.028082943
-0.000190554,0.028690634,-0.000190554,0.020094906
-0.000190054,0.027686148,-0.000190054,0.017099392
-0.000189554,0.033713064,-0.000189554,0.010109859
-0.000189054,0.033713064,-0.000189054,0.011108364
-0.000188554,0.023668203,-0.000188554,0.004118832
-0.000188054,0.039739981,-0.000188054,0.019096401
-0.000187554,0.027686148,-0.000187554,0.009111355
-0.000187054,0.03471755,-0.000187054,0.012106869
-0.000186554,0.030699606,-0.000186554,0.018097897
-0.000186054,0.022663717,-0.000186054,0.013105373
-0.000185554,0.025677176,-0.000185554,0.018097897
-0.000185054,0.028690634,-0.000185054,0.006115841
-0.000184554,0.013623343,-0.000184554,0.006115841
-0.000184054,0.022663717,-0.000184054,0.015102383
-0.000183554,0.031704092,-0.000183554,0.006115841
-0.000183054,0.03471755,-0.000183054,0.010109859
-0.000182554,0.021659231,-0.000182554,-0.002870701
-0.000182054,0.014627829,-0.000182054,0.003120327
-0.000181554,0.023668203,-0.000181554,0.006115841
-0.000181054,0.02969512,-0.000181054,0.000124813
-0.000180554,0.02969512,-0.000180554,0.004118832
-0.000180054,0.023668203,-0.000180054,0.020094906
-0.000179554,0.023668203,-0.000179554,0.022091915
-0.000179054,0.032708578,-0.000179054,0.02309042
-0.000178554,0.026681662,-0.000178554,0.006115841
-0.000178054,0.016636801,-0.000178054,0.02309042
-0.000177554,0.010609884,-0.000177554,0.000124813
-0.000177054,0.00659194,-0.000177054,0.011108364
-0.000176554,0.02969512,-0.000176554,0.02309042
-0.000176054,0.023668203,-0.000176054,0.014103878
-0.000175554,0.023668203,-0.000175554,0.017099392
-0.000175054,0.019650259,-0.000175054,0.013105373
-0.000174554,0.01161437,-0.000174554,0.002121822
-0.000174054,0.017641287,-0.000174054,0.000124813
-0.000173554,0.025677176,-0.000173554,0.009111355
-0.000173054,0.024672689,-0.000173054,0.016100887
-0.000172554,0.021659231,-0.000172554,0.000124813
-0.000172054,0.018645773,-0.000172054,-0.002870701
-0.000171554,0.015632315,-0.000171554,0.011108364
-0.000171054,0.010609884,-0.000171054,0.027084438
-0.000170554,0.010609884,-0.000170554,0.006115841
-0.000170054,0.015632315,-0.000170054,0.014103878
-0.000169554,0.021659231,-0.000169554,0.019096401
-0.000169054,0.02969512,-0.000169054,0.015102383
-0.000168554,0.027686148,-0.000168554,0.015102383
-0.000168054,0.022663717,-0.000168054,0.020094906
-0.000167554,0.016636801,-0.000167554,-0.003869205
-0.000167054,0.021659231,-0.000167054,0.006115841
-0.000166554,0.003578482,-0.000166554,0.006115841
-0.000166054,0.019650259,-0.000166054,0.010109859
-0.000165554,0.027686148,-0.000165554,0.015102383
-0.000165054,0.033713064,-0.000165054,0.012106869
-0.000164554,0.023668203,-0.000164554,0.017099392
-0.000164054,0.027686148,-0.000164054,0.005117336
-0.000163554,0.684620047,-0.000163554,0.605218624
-0.000163054,0.858396139,-0.000163054,0.541314327
-0.000162554,0.945786428,-0.000162554,0.463430965
-0.000162054,0.979938955,-0.000162054,0.377559566
-0.000161554,0.9839569,-0.000161554,0.307664242
-0.000161054,0.992997274,-0.000161054,0.243759945
-0.000160554,1.01208251,-0.000160554,0.187843685
-0.000160054,0.999024191,-0.000160054,0.151897518
-0.000159554,0.991992788,-0.000159554,0.121942379
-0.000159054,1.001033163,-0.000159054,0.097978268
-0.000158554,1.002037649,-0.000158554,0.083000698
-0.000158054,0.992997274,-0.000158054,0.061033596
-0.000157554,1.001033163,-0.000157554,0.050050045
-0.000157054,1.002037649,-0.000157054,0.041063503
-0.000156554,1.018109426,-0.000156554,0.03607098
-0.000156054,1.008064566,-0.000156054,0.03607098
-0.000155554,0.998019705,-0.000155554,0.034073971
-0.000155054,0.992997274,-0.000155054,0.020094906
-0.000154554,1.005051107,-0.000154554,0.013105373
-0.000154054,0.99400176,-0.000154054,0.015102383
-0.000153554,1.001033163,-0.000153554,0.006115841
-0.000153054,1.001033163,-0.000153054,0.014103878
-0.000152554,1.01208251,-0.000152554,0.014103878
-0.000152054,1.010073538,-0.000152054,-0.00486771
-0.000151554,1.002037649,-0.000151554,0.006115841
-0.000151054,0.991992788,-0.000151054,0.000124813
-0.000150554,0.998019705,-0.000150554,0.002121822
-0.000150054,1.006055593,-0.000150054,0.012106869
-0.000149554,1.005051107,-0.000149554,0.005117336
-0.000149054,1.002037649,-0.000149054,0.000124813
-0.000148554,1.008064566,-0.000148554,0.00811285
-0.000148054,1.002037649,-0.000148054,0.024088924
-0.000147554,1.006055593,-0.000147554,0.022091915
-0.000147054,0.999024191,-0.000147054,0.001123318
-0.000146554,1.010073538,-0.000146554,0.010109859
-0.000146054,1.010073538,-0.000146054,0.006115841
-0.000145554,1.016100454,-0.000145554,0.016100887
-0.000145054,1.014091482,-0.000145054,0.002121822
-0.000144554,1.010073538,-0.000144554,0.002121822
-0.000144054,1.006055593,-0.000144054,0.004118832
-0.000143554,1.010073538,-0.000143554,0.018097897
-0.000143054,1.001033163,-0.000143054,0.014103878
-0.000142554,1.010073538,-0.000142554,0.006115841
-0.000142054,1.00706008,-0.000142054,0.006115841
-0.000141554,1.008064566,-0.000141554,0.006115841
-0.000141054,0.999024191,-0.000141054,0.006115841
-0.000140554,1.008064566,-0.000140554,0.004118832
-0.000140054,1.006055593,-0.000140054,0.006115841
-0.000139554,1.002037649,-0.000139554,0.00811285
-0.000139054,0.98897933,-0.000139054,0.011108364
-0.000138554,1.002037649,-0.000138554,0.020094906
-0.000138054,1.001033163,-0.000138054,0.011108364
-0.000137554,0.99400176,-0.000137554,0.011108364
-0.000137054,0.999024191,-0.000137054,0.012106869
-0.000136554,1.000028677,-0.000136554,0.005117336
-0.000136054,1.009069052,-0.000136054,0.011108364
-0.000135554,1.006055593,-0.000135554,0.016100887
-0.000135054,1.00706008,-0.000135054,0.025087429
-0.000134554,1.022127371,-0.000134554,0.014103878
-0.000134054,1.009069052,-0.000134054,0.003120327
-0.000133554,1.009069052,-0.000133554,0.000124813
-0.000133054,1.020118399,-0.000133054,0.006115841
-0.000132554,0.989983816,-0.000132554,0.004118832
-0.000132054,1.000028677,-0.000132054,0.004118832
-0.000131554,1.002037649,-0.000131554,0.011108364
-0.000131054,1.004046621,-0.000131054,0.027084438
-0.000130554,1.002037649,-0.000130554,0.020094906
-0.000130054,1.006055593,-0.000130054,0.014103878
-0.000129554,0.998019705,-0.000129554,0.011108364
-0.000129054,1.006055593,-0.000129054,0.009111355
-0.000128554,1.002037649,-0.000128554,0.019096401
-0.000128054,1.016100454,-0.000128054,0.012106869
-0.000127554,1.010073538,-0.000127554,0.011108364
-0.000127054,1.002037649,-0.000127054,0.013105373
-0.000126554,1.004046621,-0.000126554,0.006115841
-0.000126054,1.004046621,-0.000126054,0.006115841
-0.000125554,1.000028677,-0.000125554,0.006115841
-0.000125054,0.992997274,-0.000125054,0.00811285
-0.000124554,1.004046621,-0.000124554,-0.001872196
-0.000124054,1.002037649,-0.000124054,0.011108364
-0.000123554,1.009069052,-0.000123554,0.003120327
-0.000123054,1.002037649,-0.000123054,-0.023839298
-0.000122554,0.302915335,-0.000122554,-0.57101984
-0.000122054,0.1321527,-0.000122054,-0.51510358
-0.000121554,0.067865591,-0.000121554,-0.4332262
-0.000121054,0.048780355,-0.000121054,-0.353345829
-0.000120554,0.037731009,-0.000120554,-0.285447514
-0.000120054,0.025677176,-0.000120054,-0.220544712
-0.000119554,0.027686148,-0.000119554,-0.165626957
-0.000119054,0.025677176,-0.000119054,-0.12968079
-0.000118554,0.019650259,-0.000118554,-0.092736118
-0.000118054,0.017641287,-0.000118054,-0.076760044
-0.000117554,0.021659231,-0.000117554,-0.053794437
-0.000117054,0.035722036,-0.000117054,-0.030828831
-0.000116554,0.032708578,-0.000116554,-0.01784827
-0.000116054,0.027686148,-0.000116054,-0.023839298
-0.000115554,0.027686148,-0.000115554,-0.002870701
-0.000115054,0.024672689,-0.000115054,-0.005866215
-0.000114554,0.016636801,-0.000114554,0.006115841
-0.000114054,0.015632315,-0.000114054,0.012106869
-0.000113554,0.028690634,-0.000113554,0.006115841
-0.000113054,0.02969512,-0.000113054,0.014103878
-0.000112554,0.027686148,-0.000112554,0.011108364
-0.000112054,0.017641287,-0.000112054,0.003120327
-0.000111554,0.005587454,-0.000111554,0.006115841
-0.000111054,0.015632315,-0.000111054,0.012106869
-0.000110554,0.023668203,-0.000110554,0.006115841
-0.000110054,0.023668203,-0.000110054,0.014103878
-0.000109554,0.02969512,-0.000109554,0.014103878
-0.000109054,0.024672689,-0.000109054,0.019096401
-0.000108554,0.025677176,-0.000108554,0.012106869
-0.000108054,0.025677176,-0.000108054,0.026085934
-0.000107554,0.022663717,-0.000107554,0.016100887
-0.000107054,0.027686148,-0.000107054,0.011108364
-0.000106554,0.023668203,-0.000106554,0.013105373
-0.000106054,0.027686148,-0.000106054,0.024088924
-0.000105554,0.025677176,-0.000105554,0.013105373
-0.000105054,0.015632315,-0.000105054,0.012106869
-0.000104554,0.027686148,-0.000104554,0.025087429
-0.000104054,0.027686148,-0.000104054,0.006115841
-0.000103554,0.031704092,-0.000103554,0.02109341
-0.000103054,0.031704092,-0.000103054,0.026085934
-0.000102554,0.031704092,-0.000102554,0.009111355
-0.000102054,0.016636801,-0.000102054,0.013105373
-0.000101554,0.005587454,-0.000101554,0.020094906
-0.000101054,0.018645773,-0.000101054,0.02109341
-0.000100554,0.027686148,-0.000100554,0.018097897
-0.000100054,0.027686148,-0.000100054,0.022091915
-9.96E-05,0.018645773,-9.96E-05,0.012106869
-9.91E-05,0.013623343,-9.91E-05,0.010109859
-9.86E-05,0.008600912,-9.86E-05,0.025087429
-9.81E-05,0.026681662,-9.81E-05,0.011108364
-9.76E-05,0.024672689,-9.76E-05,0.024088924
-9.71E-05,0.016636801,-9.71E-05,0.004118832
-9.66E-05,0.015632315,-9.66E-05,0.011108364
-9.61E-05,0.032708578,-9.61E-05,0.011108364
-9.56E-05,0.021659231,-9.56E-05,0.009111355
-9.51E-05,0.027686148,-9.51E-05,0.006115841
-9.46E-05,0.031704092,-9.46E-05,0.022091915
-9.41E-05,0.032708578,-9.41E-05,0.009111355
-9.36E-05,0.025677176,-9.36E-05,0.006115841
-9.31E-05,0.018645773,-9.31E-05,0.00811285
-9.26E-05,0.018645773,-9.26E-05,0.012106869
-9.21E-05,0.016636801,-9.21E-05,0.006115841
-9.16E-05,0.021659231,-9.16E-05,0.006115841
-9.11E-05,0.030699606,-9.11E-05,0.020094906
-9.06E-05,0.031704092,-9.06E-05,0.018097897
-9.01E-05,0.025677176,-9.01E-05,0.003120327
-8.96E-05,0.031704092,-8.96E-05,0.011108364
-8.91E-05,0.025677176,-8.91E-05,0.011108364
-8.86E-05,0.019650259,-8.86E-05,0.018097897
-8.81E-05,0.025677176,-8.81E-05,0.014103878
-8.76E-05,0.027686148,-8.76E-05,0.020094906
-8.71E-05,0.031704092,-8.71E-05,0.006115841
-8.66E-05,0.019650259,-8.66E-05,0.012106869
-8.61E-05,0.019650259,-8.61E-05,0.010109859
-8.56E-05,0.021659231,-8.56E-05,0.00811285
-8.51E-05,0.017641287,-8.51E-05,0.020094906
-8.46E-05,0.012618856,-8.46E-05,0.016100887
-8.41E-05,0.015632315,-8.41E-05,0.022091915
-8.36E-05,0.03471755,-8.36E-05,0.016100887
-8.31E-05,0.03471755,-8.31E-05,0.02109341
-8.26E-05,0.028690634,-8.26E-05,0.020094906
-8.21E-05,0.035722036,-8.21E-05,0.006115841
-8.16E-05,0.698682852,-8.16E-05,0.615203671
-8.11E-05,0.878485861,-8.11E-05,0.535323299
-8.06E-05,0.953822317,-8.06E-05,0.476411526
-8.01E-05,0.977929983,-8.01E-05,0.400525173
-7.96E-05,0.998019705,-7.96E-05,0.307664242
-7.91E-05,0.998019705,-7.91E-05,0.252746487
-7.86E-05,0.99400176,-7.86E-05,0.197828732
-7.81E-05,0.989983816,-7.81E-05,0.155891537
-7.76E-05,1.002037649,-7.76E-05,0.123939388
-7.71E-05,1.009069052,-7.71E-05,0.101972286
-7.66E-05,0.996010733,-7.66E-05,0.093984249
-7.61E-05,1.006055593,-7.61E-05,0.062032101
-7.56E-05,1.014091482,-7.56E-05,0.056041073
-7.51E-05,1.002037649,-7.51E-05,0.042062008
-7.46E-05,0.996010733,-7.46E-05,0.037069485
-7.41E-05,0.999024191,-7.41E-05,0.028082943
-7.36E-05,1.000028677,-7.36E-05,0.016100887
-7.31E-05,0.999024191,-7.31E-05,0.022091915
-7.26E-05,1.009069052,-7.26E-05,0.015102383
-7.21E-05,1.002037649,-7.21E-05,0.020094906
-7.16E-05,1.00706008,-7.16E-05,0.020094906
-7.11E-05,0.991992788,-7.11E-05,0.027084438
-7.06E-05,1.001033163,-7.06E-05,0.027084438
-7.01E-05,1.006055593,-7.01E-05,0.010109859
-6.96E-05,1.005051107,-6.96E-05,0.010109859
-6.91E-05,0.995006247,-6.91E-05,0.022091915
-6.86E-05,1.002037649,-6.86E-05,0.018097897
-6.81E-05,1.006055593,-6.81E-05,0.012106869
-6.76E-05,1.006055593,-6.76E-05,0.016100887
-6.71E-05,0.996010733,-6.71E-05,0.013105373
-6.66E-05,0.991992788,-6.66E-05,0.016100887
-6.61E-05,0.997015219,-6.61E-05,0.00811285
-6.56E-05,0.996010733,-6.56E-05,0.00811285
-6.51E-05,1.001033163,-6.51E-05,0.010109859
-6.46E-05,1.010073538,-6.46E-05,0.009111355
-6.41E-05,1.016100454,-6.41E-05,0.014103878
-6.36E-05,1.004046621,-6.36E-05,0.006115841
-6.31E-05,1.010073538,-6.31E-05,0.019096401
-6.26E-05,1.014091482,-6.26E-05,0.004118832
-6.21E-05,1.008064566,-6.21E-05,0.022091915
-6.16E-05,1.002037649,-6.16E-05,0.025087429
-6.11E-05,1.002037649,-6.11E-05,0.016100887
-6.06E-05,1.006055593,-6.06E-05,0.028082943
-6.01E-05,1.009069052,-6.01E-05,0.024088924
-5.96E-05,1.016100454,-5.96E-05,0.02109341
-5.91E-05,1.002037649,-5.91E-05,0.010109859
-5.86E-05,1.009069052,-5.86E-05,0.018097897
-5.81E-05,1.010073538,-5.81E-05,0.012106869
-5.76E-05,1.005051107,-5.76E-05,0.019096401
-5.71E-05,0.995006247,-5.71E-05,0.002121822
-5.66E-05,1.002037649,-5.66E-05,0.003120327
-5.61E-05,1.002037649,-5.61E-05,0.002121822
-5.56E-05,1.008064566,-5.56E-05,0.012106869
-5.51E-05,1.002037649,-5.51E-05,0.00811285
-5.46E-05,1.008064566,-5.46E-05,0.020094906
-5.41E-05,1.01710494,-5.41E-05,0.012106869
-5.36E-05,1.006055593,-5.36E-05,-0.002870701
-5.31E-05,1.002037649,-5.31E-05,0.016100887
-5.26E-05,1.016100454,-5.26E-05,0.014103878
-5.21E-05,1.008064566,-5.21E-05,0.010109859
-5.16E-05,0.999024191,-5.16E-05,0.009111355
-5.11E-05,1.010073538,-5.11E-05,0.006115841
-5.06E-05,0.998019705,-5.06E-05,0.011108364
-5.01E-05,1.009069052,-5.01E-05,0.011108364
-4.96E-05,0.996010733,-4.96E-05,0.017099392
-4.91E-05,0.989983816,-4.91E-05,0.014103878
-4.86E-05,0.989983816,-4.86E-05,0.009111355
-4.81E-05,0.985965872,-4.81E-05,-0.002870701
-4.76E-05,0.98897933,-4.76E-05,0.014103878
-4.71E-05,1.008064566,-4.71E-05,0.020094906
-4.66E-05,0.987974844,-4.66E-05,0.016100887
-4.61E-05,0.998019705,-4.61E-05,0.020094906
-4.56E-05,0.996010733,-4.56E-05,0.014103878
-4.51E-05,1.000028677,-4.51E-05,0.015102383
-4.46E-05,1.005051107,-4.46E-05,0.012106869
-4.41E-05,0.996010733,-4.41E-05,0.006115841
-4.36E-05,0.998019705,-4.36E-05,0.00811285
-4.31E-05,0.998019705,-4.31E-05,0.020094906
-4.26E-05,1.001033163,-4.26E-05,0.02309042
-4.21E-05,1.014091482,-4.21E-05,0.006115841
-4.16E-05,1.014091482,-4.16E-05,0.013105373
-4.11E-05,1.01208251,-4.11E-05,-0.021842289
-4.06E-05,0.31697814,-4.06E-05,-0.572018345
-4.01E-05,0.1321527,-4.01E-05,-0.516102085
-3.96E-05,0.053802786,-3.96E-05,-0.437220219
-3.91E-05,0.045766897,-3.91E-05,-0.355342838
-3.86E-05,0.032708578,-3.86E-05,-0.284449009
-3.81E-05,0.02969512,-3.81E-05,-0.217549198
-3.76E-05,0.028690634,-3.76E-05,-0.168622471
-3.71E-05,0.024672689,-3.71E-05,-0.12968079
-3.66E-05,0.025677176,-3.66E-05,-0.089740604
-3.61E-05,0.022663717,-3.61E-05,-0.072766026
-3.56E-05,0.017641287,-3.56E-05,-0.055791447
-3.51E-05,0.014627829,-3.51E-05,-0.041812382
-3.46E-05,0.019650259,-3.46E-05,-0.024837803
-3.41E-05,0.020654745,-3.41E-05,-0.01784827
-3.36E-05,0.023668203,-3.36E-05,-0.01784827
-3.31E-05,0.021659231,-3.31E-05,-0.003869205
-3.26E-05,0.023668203,-3.26E-05,-0.001872196
-3.21E-05,0.021659231,-3.21E-05,0.013105373
-3.16E-05,0.037731009,-3.16E-05,0.017099392
-3.11E-05,0.031704092,-3.11E-05,0.009111355
-3.06E-05,0.022663717,-3.06E-05,0.005117336
-3.01E-05,0.019650259,-3.01E-05,0.004118832
-2.96E-05,0.021659231,-2.96E-05,0.006115841
-2.91E-05,0.017641287,-2.91E-05,-0.003869205
-2.86E-05,0.027686148,-2.86E-05,0.010109859
-2.81E-05,0.019650259,-2.81E-05,0.006115841
-2.76E-05,0.014627829,-2.76E-05,0.006115841
-2.71E-05,0.019650259,-2.71E-05,0.006115841
-2.66E-05,0.025677176,-2.66E-05,0.013105373
-2.61E-05,0.021659231,-2.61E-05,0.003120327
-2.56E-05,0.02969512,-2.56E-05,0.012106869
-2.51E-05,0.021659231,-2.51E-05,0.012106869
-2.46E-05,0.022663717,-2.46E-05,0.004118832
-2.41E-05,0.013623343,-2.41E-05,0.006115841
-2.36E-05,0.014627829,-2.36E-05,0.009111355
-2.31E-05,0.013623343,-2.31E-05,0.000124813
-2.26E-05,0.014627829,-2.26E-05,-0.00486771
-2.21E-05,0.024672689,-2.21E-05,0.005117336
-2.16E-05,0.02969512,-2.16E-05,0.014103878
-2.11E-05,0.025677176,-2.11E-05,0.009111355
-2.06E-05,0.025677176,-2.06E-05,0.004118832
-2.01E-05,0.025677176,-2.01E-05,0.013105373
-1.96E-05,0.027686148,-1.96E-05,0.013105373
-1.91E-05,0.020654745,-1.91E-05,0.000124813
-1.86E-05,0.037731009,-1.86E-05,0.006115841
-1.81E-05,0.036726522,-1.81E-05,0.014103878
-1.76E-05,0.02969512,-1.76E-05,0.020094906
-1.71E-05,0.021659231,-1.71E-05,0.019096401
-1.66E-05,0.017641287,-1.66E-05,0.006115841
-1.61E-05,0.023668203,-1.61E-05,0.006115841
-1.56E-05,0.020654745,-1.56E-05,0.020094906
-1.51E-05,0.020654745,-1.51E-05,0.006115841
-1.46E-05,0.023668203,-1.46E-05,0.006115841
-1.41E-05,0.033713064,-1.41E-05,0.00811285
-1.36E-05,0.026681662,-1.36E-05,0.014103878
-1.31E-05,0.031704092,-1.31E-05,0.018097897
-1.26E-05,0.030699606,-1.26E-05,0.019096401
-1.21E-05,0.023668203,-1.21E-05,0.010109859
-1.16E-05,0.027686148,-1.16E-05,0.014103878
-1.11E-05,0.027686148,-1.11E-05,0.02109341
-1.06E-05,0.027686148,-1.06E-05,-0.00486771
-1.01E-05,0.012618856,-1.01E-05,0.002121822
-9.55E-06,0.021659231,-9.55E-06,0.014103878
-9.05E-06,0.018645773,-9.05E-06,0.011108364
-8.55E-06,0.028690634,-8.55E-06,0.003120327
-8.05E-06,0.02969512,-8.05E-06,0.006115841
-7.55E-06,0.017641287,-7.55E-06,0.024088924
-7.05E-06,0.019650259,-7.05E-06,0.024088924
-6.55E-06,0.01161437,-6.55E-06,0.010109859
-6.05E-06,0.01161437,-6.05E-06,0.02109341
-5.55E-06,0.028690634,-5.55E-06,0.018097897
-5.05E-06,0.02969512,-5.05E-06,0.004118832
-4.55E-06,0.021659231,-4.55E-06,0.014103878
-4.05E-06,0.021659231,-4.05E-06,0.022091915
-3.55E-06,0.021659231,-3.55E-06,0.006115841
-3.05E-06,0.024672689,-3.05E-06,0.005117336
-2.55E-06,0.009605398,-2.55E-06,0.015102383
-2.05E-06,0.028690634,-2.05E-06,0.014103878
-1.55E-06,0.032708578,-1.55E-06,0.010109859
-1.05E-06,0.031704092,-1.05E-06,0.015102383
-5.54E-07,0.022663717,-5.54E-07,0.029081448
-5.40E-08,0.087955313,-5.40E-08,0.304668728
4.46E-07,0.789086599,4.46E-07,0.585248531
9.46E-07,0.933732595,9.46E-07,0.515353207
1.45E-06,0.973912039,1.45E-06,0.426486294
1.95E-06,0.977929983,1.95E-06,0.344608913
2.45E-06,0.991992788,2.45E-06,0.28569714
2.95E-06,0.998019705,2.95E-06,0.219795834
3.45E-06,1.006055593,3.45E-06,0.184848171
3.95E-06,1.013086996,3.95E-06,0.140913967
4.45E-06,1.002037649,4.45E-06,0.114952847
4.95E-06,0.999024191,4.95E-06,0.09198724
5.45E-06,0.999024191,5.45E-06,0.066026119
5.95E-06,1.001033163,5.95E-06,0.060035091
6.45E-06,0.99400176,6.45E-06,0.057039577
6.95E-06,1.010073538,6.95E-06,0.030079952
7.45E-06,1.002037649,7.45E-06,0.030079952
7.95E-06,0.997015219,7.95E-06,0.026085934
8.45E-06,1.008064566,8.45E-06,0.016100887
8.95E-06,1.010073538,8.95E-06,0.010109859
9.45E-06,1.014091482,9.45E-06,0.006115841
9.95E-06,1.006055593,9.95E-06,0.014103878
1.04E-05,1.008064566,1.04E-05,0.02309042
1.09E-05,1.009069052,1.09E-05,0.010109859
1.14E-05,1.006055593,1.14E-05,0.016100887
1.19E-05,1.002037649,1.19E-05,0.011108364
1.24E-05,1.008064566,1.24E-05,0.004118832
1.29E-05,1.01710494,1.29E-05,0.015102383
1.34E-05,1.002037649,1.34E-05,0.014103878
1.39E-05,1.002037649,1.39E-05,0.006115841
1.44E-05,0.991992788,1.44E-05,0.012106869
1.49E-05,1.014091482,1.49E-05,0.012106869
1.54E-05,1.009069052,1.54E-05,0.019096401
1.59E-05,0.99400176,1.59E-05,0.015102383
1.64E-05,1.004046621,1.64E-05,0.014103878
1.69E-05,1.002037649,1.69E-05,0.018097897
1.74E-05,1.002037649,1.74E-05,0.024088924
1.79E-05,1.002037649,1.79E-05,0.016100887
1.84E-05,1.000028677,1.84E-05,0.011108364
1.89E-05,0.99400176,1.89E-05,0.010109859
1.94E-05,0.98897933,1.94E-05,0.000124813
1.99E-05,0.987974844,1.99E-05,0.011108364
2.04E-05,0.987974844,2.04E-05,0.015102383
2.09E-05,1.002037649,2.09E-05,0.018097897
2.14E-05,0.997015219,2.14E-05,0.000124813
2.19E-05,0.997015219,2.19E-05,-0.00486771
2.24E-05,0.99400176,2.24E-05,0.000124813
2.29E-05,1.002037649,2.29E-05,0.005117336
2.34E-05,1.010073538,2.34E-05,0.010109859
2.39E-05,1.001033163,2.39E-05,0.014103878
2.44E-05,1.014091482,2.44E-05,0.011108364
2.49E-05,1.014091482,2.49E-05,0.017099392
2.54E-05,1.016100454,2.54E-05,0.012106869
2.59E-05,1.020118399,2.59E-05,0.02109341
2.64E-05,1.008064566,2.64E-05,0.022091915
2.69E-05,1.002037649,2.69E-05,0.010109859
2.74E-05,1.006055593,2.74E-05,0.016100887
2.79E-05,1.001033163,2.79E-05,0.014103878
2.84E-05,1.00706008,2.84E-05,0.016100887
2.89E-05,1.008064566,2.89E-05,0.010109859
2.94E-05,1.002037649,2.94E-05,-0.003869205
2.99E-05,1.006055593,2.99E-05,0.006115841
3.04E-05,1.01208251,3.04E-05,0.015102383
3.09E-05,1.020118399,3.09E-05,0.013105373
3.14E-05,1.020118399,3.14E-05,0.018097897
3.19E-05,1.01208251,3.19E-05,0.016100887
3.24E-05,1.016100454,3.24E-05,0.013105373
3.29E-05,1.009069052,3.29E-05,0.006115841
3.34E-05,1.00706008,3.34E-05,0.022091915
3.39E-05,1.002037649,3.39E-05,0.018097897
3.44E-05,1.006055593,3.44E-05,0.017099392
3.49E-05,1.002037649,3.49E-05,0.013105373
3.54E-05,1.009069052,3.54E-05,0.010109859
3.59E-05,1.010073538,3.59E-05,0.02109341
3.64E-05,1.010073538,3.64E-05,0.030079952
3.69E-05,1.010073538,3.69E-05,0.014103878
3.74E-05,1.000028677,3.74E-05,0.010109859
3.79E-05,1.001033163,3.79E-05,0.012106869
3.84E-05,0.998019705,3.84E-05,0.010109859
3.89E-05,0.996010733,3.89E-05,0.015102383
3.94E-05,1.002037649,3.94E-05,0.006115841
3.99E-05,1.006055593,3.99E-05,0.002121822
4.04E-05,1.000028677,4.04E-05,0.006115841
4.09E-05,0.72982192,4.09E-05,-0.441214237
4.14E-05,0.206484671,4.14E-05,-0.540066196
4.19E-05,0.09900466,4.19E-05,-0.486146946
4.24E-05,0.053802786,4.24E-05,-0.401274052
4.29E-05,0.032708578,4.29E-05,-0.314404148
4.34E-05,0.028690634,4.34E-05,-0.253495365
4.39E-05,0.021659231,4.39E-05,-0.193585087
4.44E-05,0.037731009,4.44E-05,-0.14465836
4.49E-05,0.035722036,4.49E-05,-0.106715183
4.54E-05,0.009605398,4.54E-05,-0.094733128
4.59E-05,0.019650259,4.59E-05,-0.065776493
4.64E-05,0.021659231,4.64E-05,-0.044807896
4.69E-05,0.017641287,4.69E-05,-0.034822849
4.74E-05,0.015632315,4.74E-05,-0.021842289
4.79E-05,0.021659231,4.79E-05,-0.009860233
4.84E-05,0.024672689,4.84E-05,-0.011857243
4.89E-05,0.013623343,4.89E-05,-0.018846775
4.94E-05,0.019650259,4.94E-05,-0.005866215
4.99E-05,0.017641287,4.99E-05,0.000124813
5.04E-05,0.030699606,5.04E-05,-0.00486771
5.09E-05,0.015632315,5.09E-05,0.009111355
5.14E-05,0.035722036,5.14E-05,0.024088924
5.19E-05,0.044762411,5.19E-05,0.006115841
5.24E-05,0.017641287,5.24E-05,0.015102383
5.29E-05,0.013623343,5.29E-05,0.017099392
5.34E-05,0.017641287,5.34E-05,0.014103878
5.39E-05,0.019650259,5.39E-05,0.022091915
5.44E-05,0.027686148,5.44E-05,0.012106869
5.49E-05,0.024672689,5.49E-05,0.009111355
5.54E-05,0.023668203,5.54E-05,0.006115841
5.59E-05,0.015632315,5.59E-05,0.002121822
5.64E-05,0.020654745,5.64E-05,0.006115841
5.69E-05,0.025677176,5.69E-05,0.006115841
5.74E-05,0.021659231,5.74E-05,0.030079952
5.79E-05,0.031704092,5.79E-05,0.022091915
5.84E-05,0.035722036,5.84E-05,0.010109859
5.89E-05,0.026681662,5.89E-05,0.012106869
5.94E-05,0.019650259,5.94E-05,0.014103878
5.99E-05,0.016636801,5.99E-05,0.016100887
6.04E-05,0.028690634,6.04E-05,0.012106869
6.09E-05,0.02969512,6.09E-05,0.005117336
6.14E-05,0.023668203,6.14E-05,0.016100887
6.19E-05,0.026681662,6.19E-05,0.018097897
6.24E-05,0.026681662,6.24E-05,0.017099392
6.29E-05,0.017641287,6.29E-05,0.013105373
6.34E-05,0.018645773,6.34E-05,0.014103878
6.39E-05,0.015632315,6.39E-05,0.014103878
6.44E-05,0.027686148,6.44E-05,0.013105373
6.49E-05,0.010609884,6.49E-05,0.026085934
6.54E-05,0.019650259,6.54E-05,0.022091915
6.59E-05,0.02969512,6.59E-05,0.004118832
6.64E-05,0.032708578,6.64E-05,0.009111355
6.69E-05,0.004582968,6.69E-05,0.012106869
6.74E-05,0.012618856,6.74E-05,0.009111355
6.79E-05,0.023668203,6.79E-05,0.006115841
6.84E-05,0.021659231,6.84E-05,0.02109341
6.89E-05,0.025677176,6.89E-05,0.013105373
6.94E-05,0.033713064,6.94E-05,-0.001872196
6.99E-05,0.026681662,6.99E-05,0.011108364
7.04E-05,0.021659231,7.04E-05,0.006115841
7.09E-05,0.013623343,7.09E-05,0.00811285
7.14E-05,0.009605398,7.14E-05,0.00811285
7.19E-05,0.015632315,7.19E-05,0.02109341
7.24E-05,0.005587454,7.24E-05,0.009111355
7.29E-05,0.022663717,7.29E-05,0.005117336
7.34E-05,0.019650259,7.34E-05,0.012106869
7.39E-05,0.020654745,7.39E-05,0.010109859
7.44E-05,0.028690634,7.44E-05,0.009111355
7.49E-05,0.024672689,7.49E-05,0.006115841
7.54E-05,0.025677176,7.54E-05,0.006115841
7.59E-05,0.014627829,7.59E-05,0.004118832
7.64E-05,0.02969512,7.64E-05,0.014103878
7.69E-05,0.021659231,7.69E-05,0.015102383
7.74E-05,0.030699606,7.74E-05,0.009111355
7.79E-05,0.025677176,7.79E-05,0.017099392
7.84E-05,0.015632315,7.84E-05,0.020094906
7.89E-05,0.025677176,7.89E-05,0.010109859
7.94E-05,0.019650259,7.94E-05,0.015102383
7.99E-05,0.019650259,7.99E-05,0.006115841
8.04E-05,0.022663717,8.04E-05,0.006115841
8.09E-05,0.025677176,8.09E-05,0.020094906
8.14E-05,0.023668203,8.14E-05,0.035072475
8.19E-05,0.069874563,8.19E-05,0.303670223
8.24E-05,0.777032766,8.24E-05,0.552297878
8.29E-05,0.920674276,8.29E-05,0.517350216
8.34E-05,0.962862692,8.34E-05,0.429481808
8.39E-05,0.987974844,8.39E-05,0.345607418
8.44E-05,1.005051107,8.44E-05,0.28569714
8.49E-05,1.000028677,8.49E-05,0.221792843
8.54E-05,1.002037649,8.54E-05,0.174863125
8.59E-05,0.997015219,8.59E-05,0.14590649
8.64E-05,1.002037649,8.64E-05,0.115951351
8.69E-05,0.99400176,8.69E-05,0.083000698
8.74E-05,1.005051107,8.74E-05,0.073015652
8.79E-05,0.998019705,8.79E-05,0.062032101
8.84E-05,0.989983816,8.84E-05,0.054044064
8.89E-05,1.001033163,8.89E-05,0.03607098
8.94E-05,1.002037649,8.94E-05,0.030079952
8.99E-05,0.997015219,8.99E-05,0.019096401
9.04E-05,0.998019705,9.04E-05,0.016100887
9.09E-05,1.006055593,9.09E-05,0.024088924
9.14E-05,1.000028677,9.14E-05,0.012106869
9.19E-05,1.002037649,9.19E-05,0.015102383
9.24E-05,1.002037649,9.24E-05,0.000124813
9.29E-05,1.006055593,9.29E-05,-0.000873692
9.34E-05,1.006055593,9.34E-05,0.014103878
9.39E-05,1.009069052,9.39E-05,0.012106869
9.44E-05,1.014091482,9.44E-05,0.005117336
9.49E-05,0.999024191,9.49E-05,0.016100887
9.54E-05,0.999024191,9.54E-05,-0.001872196
9.59E-05,1.000028677,9.59E-05,0.013105373
9.64E-05,0.998019705,9.64E-05,0.014103878
9.69E-05,1.002037649,9.69E-05,0.02309042
9.74E-05,1.010073538,9.74E-05,0.016100887
9.79E-05,1.008064566,9.79E-05,0.00811285
9.84E-05,1.018109426,9.84E-05,0.006115841
9.89E-05,1.008064566,9.89E-05,0.002121822
9.94E-05,1.000028677,9.94E-05,0.017099392
9.99E-05,1.002037649,9.99E-05,0.006115841
0.000100446,1.001033163,0.000100446,0.010109859
0.000100946,1.002037649,0.000100946,0.010109859
0.000101446,1.016100454,0.000101446,0.006115841
0.000101946,1.009069052,0.000101946,0.028082943
0.000102446,0.990988302,0.000102446,0.012106869
0.000102946,1.002037649,0.000102946,0.018097897
0.000103446,1.002037649,0.000103446,0.012106869
0.000103946,1.006055593,0.000103946,0.016100887
0.000104446,1.008064566,0.000104446,0.018097897
0.000104946,1.002037649,0.000104946,0.016100887
0.000105446,1.010073538,0.000105446,0.010109859
0.000105946,1.014091482,0.000105946,-0.001872196
0.000106446,1.001033163,0.000106446,0.012106869
0.000106946,0.998019705,0.000106946,0.012106869
0.000107446,0.997015219,0.000107446,0.012106869
0.000107946,0.995006247,0.000107946,0.024088924
0.000108446,1.006055593,0.000108446,0.015102383
0.000108946,0.998019705,0.000108946,0.013105373
0.000109446,1.006055593,0.000109446,0.016100887
0.000109946,1.002037649,0.000109946,0.012106869
0.000110446,1.002037649,0.000110446,0.014103878
0.000110946,1.014091482,0.000110946,0.00811285
0.000111446,1.006055593,0.000111446,0.014103878
0.000111946,1.001033163,0.000111946,0.014103878
0.000112446,1.010073538,0.000112446,0.005117336
0.000112946,1.006055593,0.000112946,0.011108364
0.000113446,1.010073538,0.000113446,0.006115841
0.000113946,1.004046621,0.000113946,0.012106869
0.000114446,1.000028677,0.000114446,0.02109341
0.000114946,1.010073538,0.000114946,0.017099392
0.000115446,1.00706008,0.000115446,0.02109341
0.000115946,1.013086996,0.000115946,0.020094906
0.000116446,1.010073538,0.000116446,0.009111355
0.000116946,1.010073538,0.000116946,0.012106869
0.000117446,1.005051107,0.000117446,0.004118832
0.000117946,1.010073538,0.000117946,-0.000873692
0.000118446,1.016100454,0.000118446,0.006115841
0.000118946,1.005051107,0.000118946,0.012106869
0.000119446,1.001033163,0.000119446,0.012106869
0.000119946,1.008064566,0.000119946,0.011108364
0.000120446,1.000028677,0.000120446,0.028082943
0.000120946,1.008064566,0.000120946,0.018097897
0.000121446,1.014091482,0.000121446,0.02309042
0.000121946,1.005051107,0.000121946,0.012106869
0.000122446,1.002037649,0.000122446,0.014103878
0.000122946,0.744889212,0.000122946,-0.441214237
0.000123446,0.209498129,0.000123446,-0.54306171
0.000123946,0.102018118,0.000123946,-0.477160404
0.000124446,0.065856619,0.000124446,-0.403271061
0.000124946,0.045766897,0.000124946,-0.315402653
0.000125446,0.043757925,0.000125446,-0.251498356
0.000125946,0.032708578,0.000125946,-0.178607517
0.000126446,0.02969512,0.000126446,-0.131677799
0.000126946,0.025677176,0.000126946,-0.105716679
0.000127446,0.020654745,0.000127446,-0.081752567
0.000127946,0.017641287,0.000127946,-0.065776493
0.000128446,0.013623343,0.000128446,-0.052795933
0.000128946,0.027686148,0.000128946,-0.043809391
0.000129446,0.025677176,0.000129446,-0.029830326
0.000129946,0.025677176,0.000129946,-0.014852757
0.000130446,0.031704092,0.000130446,0.003120327
0.000130946,0.027686148,0.000130946,-0.006864719
0.000131446,0.017641287,0.000131446,-0.008861729
0.000131946,0.024672689,0.000131946,0.002121822
0.000132446,0.015632315,0.000132446,-0.006864719
0.000132946,0.032708578,0.000132946,0.004118832
0.000133446,0.03471755,0.000133446,-0.002870701
0.000133946,0.019650259,0.000133946,0.02109341
0.000134446,0.020654745,0.000134446,0.006115841
0.000134946,0.017641287,0.000134946,0.00811285
0.000135446,0.031704092,0.000135446,0.012106869
0.000135946,0.036726522,0.000135946,0.006115841
0.000136446,0.023668203,0.000136446,0.009111355
0.000136946,0.024672689,0.000136946,0.002121822
0.000137446,0.031704092,0.000137446,0.013105373
0.000137946,0.035722036,0.000137946,0.024088924
0.000138446,0.017641287,0.000138446,0.028082943
0.000138946,0.023668203,0.000138946,0.010109859
0.000139446,0.019650259,0.000139446,0.005117336
0.000139946,0.017641287,0.000139946,0.010109859
0.000140446,0.023668203,0.000140446,-0.005866215
0.000140946,0.027686148,0.000140946,0.02109341
0.000141446,0.033713064,0.000141446,0.02109341
0.000141946,0.023668203,0.000141946,0.017099392
0.000142446,0.022663717,0.000142446,0.018097897
0.000142946,0.016636801,0.000142946,0.006115841
0.000143446,0.033713064,0.000143446,0.004118832
0.000143946,0.041748953,0.000143946,0.020094906
0.000144446,0.030699606,0.000144446,-0.001872196
0.000144946,0.019650259,0.000144946,0.022091915
0.000145446,0.009605398,0.000145446,0.020094906
0.000145946,0.017641287,0.000145946,0.011108364
0.000146446,0.028690634,0.000146446,0.017099392
0.000146946,0.026681662,0.000146946,0.003120327
0.000147446,0.015632315,0.000147446,0.02109341
0.000147946,0.022663717,0.000147946,0.013105373
0.000148446,0.019650259,0.000148446,0.014103878
0.000148946,0.020654745,0.000148946,0.009111355
0.000149446,0.031704092,0.000149446,0.006115841
0.000149946,0.025677176,0.000149946,0.006115841
0.000150446,0.024672689,0.000150446,0.016100887
0.000150946,0.009605398,0.000150946,0.024088924
0.000151446,0.019650259,0.000151446,0.017099392
0.000151946,0.028690634,0.000151946,0.010109859
0.000152446,0.028690634,0.000152446,0.004118832
0.000152946,0.019650259,0.000152946,0.009111355
0.000153446,0.022663717,0.000153446,0.006115841
0.000153946,0.025677176,0.000153946,0.006115841
0.000154446,0.025677176,0.000154446,0.012106869
0.000154946,0.025677176,0.000154946,0.006115841
0.000155446,0.031704092,0.000155446,0.010109859
0.000155946,0.023668203,0.000155946,-0.003869205
0.000156446,0.012618856,0.000156446,0.006115841
0.000156946,0.025677176,0.000156946,0.004118832
0.000157446,0.025677176,0.000157446,0.00811285
0.000157946,0.030699606,0.000157946,0.013105373
0.000158446,0.027686148,0.000158446,0.020094906
0.000158946,0.027686148,0.000158946,0.02109341
0.000159446,0.027686148,0.000159446,0.020094906
0.000159946,0.031704092,0.000159946,0.004118832
0.000160446,0.01161437,0.000160446,0.020094906
0.000160946,0.003578482,0.000160946,0.004118832
0.000161446,0.023668203,0.000161446,0.010109859
0.000161946,0.013623343,0.000161946,0.006115841
0.000162446,0.023668203,0.000162446,0.00811285
0.000162946,0.035722036,0.000162946,0.020094906
0.000163446,0.025677176,0.000163446,0.005117336
0.000163946,0.715759115,0.000163946,0.605218624
0.000164446,0.876476889,0.000164446,0.557290401
0.000164946,0.952817831,0.000164946,0.478408535
0.000165446,0.977929983,0.000165446,0.385547604
0.000165946,0.996010733,0.000165946,0.304668728
0.000166446,0.998019705,0.000166446,0.247753963
0.000166946,0.989983816,0.000166946,0.209810787
0.000167446,0.995006247,0.000167446,0.154893032
0.000167946,0.998019705,0.000167946,0.124937893
0.000168446,1.000028677,0.000168446,0.106964809
0.000168946,1.002037649,0.000168946,0.087993221
0.000169446,1.005051107,0.000169446,0.069021633
0.000169946,0.998019705,0.000169946,0.050050045
0.000170446,1.008064566,0.000170446,0.047054531
0.000170946,1.015095968,0.000170946,0.038067989
0.000171446,1.006055593,0.000171446,0.042062008
0.000171946,0.996010733,0.000171946,0.040064999
0.000172446,0.999024191,0.000172446,0.033075466
0.000172946,1.010073538,0.000172946,0.018097897
0.000173446,0.986970358,0.000173446,0.013105373
0.000173946,1.013086996,0.000173946,0.012106869
0.000174446,1.01710494,0.000174446,0.012106869
0.000174946,0.987974844,0.000174946,0.024088924
0.000175446,0.991992788,0.000175446,0.006115841
0.000175946,0.989983816,0.000175946,0.012106869
0.000176446,0.984961386,0.000176446,0.018097897
0.000176946,0.986970358,0.000176946,0.024088924
0.000177446,0.991992788,0.000177446,0.002121822
0.000177946,1.010073538,0.000177946,-0.005866215
0.000178446,1.002037649,0.000178446,0.012106869
0.000178946,0.998019705,0.000178946,0.006115841
0.000179446,1.000028677,0.000179446,0.00811285
0.000179946,0.995006247,0.000179946,0.024088924
0.000180446,0.997015219,0.000180446,0.015102383
0.000180946,0.996010733,0.000180946,0.009111355
0.000181446,0.98897933,0.000181446,0.006115841
0.000181946,0.997015219,0.000181946,0.010109859
0.000182446,0.98897933,0.000182446,0.006115841
0.000182946,0.997015219,0.000182946,0.010109859
0.000183446,0.987974844,0.000183446,0.010109859
0.000183946,0.992997274,0.000183946,0.003120327
0.000184446,0.998019705,0.000184446,0.019096401
0.000184946,1.002037649,0.000184946,0.020094906
0.000185446,1.002037649,0.000185446,0.011108364
0.000185946,0.999024191,0.000185946,0.006115841
0.000186446,0.99400176,0.000186446,0.013105373
0.000186946,1.008064566,0.000186946,-0.001872196
0.000187446,0.998019705,0.000187446,0.012106869
0.000187946,1.010073538,0.000187946,0.011108364
0.000188446,1.004046621,0.000188446,0.010109859
0.000188946,0.998019705,0.000188946,0.012106869
0.000189446,0.991992788,0.000189446,0.020094906
0.000189946,0.998019705,0.000189946,0.014103878
0.000190446,0.998019705,0.000190446,0.024088924
0.000190946,1.009069052,0.000190946,0.013105373
0.000191446,0.998019705,0.000191446,0.000124813
0.000191946,0.998019705,0.000191946,0.020094906
0.000192446,0.999024191,0.000192446,0.004118832
0.000192946,1.00706008,0.000192946,0.003120327
0.000193446,1.005051107,0.000193446,0.012106869
0.000193946,0.991992788,0.000193946,0.017099392
0.000194446,1.001033163,0.000194446,0.018097897
0.000194946,1.009069052,0.000194946,0.013105373
0.000195446,0.997015219,0.000195446,0.018097897
0.000195946,1.002037649,0.000195946,0.012106869
0.000196446,1.014091482,0.000196446,0.017099392
0.000196946,1.002037649,0.000196946,0.022091915
0.000197446,0.996010733,0.000197446,0.014103878
0.000197946,1.000028677,0.000197946,0.014103878
0.000198446,1.004046621,0.000198446,0.010109859
0.000198946,0.999024191,0.000198946,0.026085934
0.000199446,0.995006247,0.000199446,0.014103878
0.000199946,1.000028677,0.000199946,0.015102383
0.000200446,1.008064566,0.000200446,0.016100887
0.000200946,0.997015219,0.000200946,0.014103878
0.000201446,0.997015219,0.000201446,0.024088924
0.000201946,1.000028677,0.000201946,0.018097897
0.000202446,0.999024191,0.000202446,0.014103878
0.000202946,1.002037649,0.000202946,0.002121822
0.000203446,1.008064566,0.000203446,0.010109859
0.000203946,1.002037649,0.000203946,0.012106869
0.000204446,0.98897933,0.000204446,-0.040813877
0.000204946,0.292870474,0.000204946,-0.57101984
0.000205446,0.134161673,0.000205446,-0.511109562
0.000205946,0.062843161,0.000205946,-0.441214237
0.000206446,0.045766897,0.000206446,-0.359336857
0.000206946,0.028690634,0.000206946,-0.297429569
0.000207446,0.005587454,0.000207446,-0.214553684
0.000207946,0.01161437,0.000207946,-0.153644901
0.000208446,0.027686148,0.000208446,-0.122691257
0.000208946,0.039739981,0.000208946,-0.10172266
0.000209446,0.035722036,0.000209446,-0.069770512
0.000209946,0.021659231,0.000209946,-0.051797428
0.000210446,0.025677176,0.000210446,-0.035821354
0.000210946,0.02969512,0.000210946,-0.033824345
0.000211446,0.021659231,0.000211446,-0.014852757
0.000211946,0.025677176,0.000211946,-0.000873692
0.000212446,0.036726522,0.000212446,-0.003869205
0.000212946,0.019650259,0.000212946,0.004118832
0.000213446,0.031704092,0.000213446,0.000124813
0.000213946,0.025677176,0.000213946,0.006115841
0.000214446,0.025677176,0.000214446,0.001123318
0.000214946,0.021659231,0.000214946,0.002121822
0.000215446,0.017641287,0.000215446,0.004118832
0.000215946,0.033713064,0.000215946,0.010109859
0.000216446,0.036726522,0.000216446,0.016100887
0.000216946,0.042753439,0.000216946,0.012106869
0.000217446,0.017641287,0.000217446,0.001123318
0.000217946,0.023668203,0.000217946,0.006115841
0.000218446,0.025677176,0.000218446,0.013105373
0.000218946,0.024672689,0.000218946,0.00811285
0.000219446,0.015632315,0.000219446,0.012106869
0.000219946,0.016636801,0.000219946,0.010109859
0.000220446,0.032708578,0.000220446,0.018097897
0.000220946,0.025677176,0.000220946,0.011108364
0.000221446,0.021659231,0.000221446,0.004118832
0.000221946,0.019650259,0.000221946,0.017099392
0.000222446,0.037731009,0.000222446,0.018097897
0.000222946,0.018645773,0.000222946,0.005117336
0.000223446,0.017641287,0.000223446,0.017099392
0.000223946,0.022663717,0.000223946,-0.002870701
0.000224446,0.03471755,0.000224446,0.013105373
0.000224946,0.021659231,0.000224946,0.006115841
0.000225446,0.031704092,0.000225446,0.010109859
0.000225946,0.018645773,0.000225946,0.006115841
0.000226446,0.015632315,0.000226446,0.013105373
0.000226946,0.025677176,0.000226946,0.016100887
0.000227446,0.018645773,0.000227446,0.014103878
0.000227946,0.025677176,0.000227946,0.016100887
0.000228446,0.015632315,0.000228446,0.011108364
0.000228946,0.014627829,0.000228946,-0.001872196
0.000229446,0.017641287,0.000229446,0.003120327
0.000229946,0.03471755,0.000229946,0.013105373
0.000230446,0.021659231,0.000230446,0.014103878
0.000230946,0.017641287,0.000230946,0.012106869
0.000231446,0.007596426,0.000231446,0.004118832
0.000231946,0.012618856,0.000231946,0.003120327
0.000232446,0.013623343,0.000232446,0.011108364
0.000232946,0.01161437,0.000232946,0.010109859
0.000233446,0.009605398,0.000233446,-0.003869205
0.000233946,0.013623343,0.000233946,0.006115841
0.000234446,0.032708578,0.000234446,0.009111355
0.000234946,0.017641287,0.000234946,0.00811285
0.000235446,0.02969512,0.000235446,0.004118832
0.000235946,0.023668203,0.000235946,0.006115841
0.000236446,0.023668203,0.000236446,0.013105373
0.000236946,0.015632315,0.000236946,0.014103878
0.000237446,0.013623343,0.000237446,0.012106869
0.000237946,0.018645773,0.000237946,0.00811285
0.000238446,0.016636801,0.000238446,0.009111355
0.000238946,0.027686148,0.000238946,0.010109859
0.000239446,0.015632315,0.000239446,0.010109859
0.000239946,0.023668203,0.000239946,0.006115841
0.000240446,0.025677176,0.000240446,0.027084438
0.000240946,0.017641287,0.000240946,0.026085934
0.000241446,0.025677176,0.000241446,0.022091915
0.000241946,0.027686148,0.000241946,0.012106869
0.000242446,0.026681662,0.000242446,0.006115841
0.000242946,0.023668203,0.000242946,0.016100887
0.000243446,0.017641287,0.000243446,0.006115841
0.000243946,0.023668203,0.000243946,0.016100887
0.000244446,0.021659231,0.000244446,0.017099392
0.000244946,0.030699606,0.000244946,0.02109341
0.000245446,0.024672689,0.000245446,0.02109341
0.000245946,0.694664907,0.000245946,0.626187222
0.000246446,0.869445486,0.000246446,0.562282925
0.000246946,0.947795401,0.000246946,0.469421993
0.000247446,0.969894094,0.000247446,0.383550594
0.000247946,0.98897933,0.000247946,0.300674709
0.000248446,0.999024191,0.000248446,0.249750973
0.000248946,1.002037649,0.000248946,0.206815273
0.000249446,1.002037649,0.000249446,0.165876583
0.000249946,1.008064566,0.000249946,0.123939388
0.000250446,1.002037649,0.000250446,0.101972286
0.000250946,1.002037649,0.000250946,0.09198724
0.000251446,1.000028677,0.000251446,0.070020138
0.000251946,1.016100454,0.000251946,0.050050045
0.000252446,1.006055593,0.000252446,0.050050045
0.000252946,1.005051107,0.000252946,0.029081448
0.000253446,1.002037649,0.000253446,0.030079952
0.000253946,0.989983816,0.000253946,0.03607098
0.000254446,0.998019705,0.000254446,0.02309042
0.000254946,0.996010733,0.000254946,0.030079952
0.000255446,0.996010733,0.000255446,0.034073971
0.000255946,0.996010733,0.000255946,0.012106869
0.000256446,0.99400176,0.000256446,0.003120327
0.000256946,0.997015219,0.000256946,0.011108364
0.000257446,0.998019705,0.000257446,0.024088924
0.000257946,1.002037649,0.000257946,0.015102383
0.000258446,0.991992788,0.000258446,0.006115841
0.000258946,1.005051107,0.000258946,0.00811285
0.000259446,1.002037649,0.000259446,0.015102383
0.000259946,1.002037649,0.000259946,0.002121822
0.000260446,0.996010733,0.000260446,0.002121822
0.000260946,0.998019705,0.000260946,0.016100887
0.000261446,1.009069052,0.000261446,0.020094906
0.000261946,1.000028677,0.000261946,0.018097897
0.000262446,1.015095968,0.000262446,0.014103878
0.000262946,1.006055593,0.000262946,0.000124813
0.000263446,0.998019705,0.000263446,0.012106869
0.000263946,1.006055593,0.000263946,0.012106869
0.000264446,1.002037649,0.000264446,0.004118832
0.000264946,0.998019705,0.000264946,0.003120327
0.000265446,1.002037649,0.000265446,0.013105373
0.000265946,1.010073538,0.000265946,0.004118832
0.000266446,1.009069052,0.000266446,0.014103878
0.000266946,1.008064566,0.000266946,0.009111355
0.000267446,1.006055593,0.000267446,0.00811285
0.000267946,1.009069052,0.000267946,0.024088924
0.000268446,1.006055593,0.000268446,0.006115841
0.000268946,1.000028677,0.000268946,0.014103878
0.000269446,0.990988302,0.000269446,0.012106869
0.000269946,1.006055593,0.000269946,0.020094906
0.000270446,1.002037649,0.000270446,0.003120327
0.000270946,1.008064566,0.000270946,0.012106869
0.000271446,1.014091482,0.000271446,0.025087429
0.000271946,1.008064566,0.000271946,0.013105373
0.000272446,1.001033163,0.000272446,0.002121822
0.000272946,0.997015219,0.000272946,0.018097897
0.000273446,1.001033163,0.000273446,0.028082943
0.000273946,1.009069052,0.000273946,0.026085934
0.000274446,1.002037649,0.000274446,0.022091915
0.000274946,1.004046621,0.000274946,0.006115841
0.000275446,0.998019705,0.000275446,0.010109859
0.000275946,0.996010733,0.000275946,0.010109859
0.000276446,0.985965872,0.000276446,0.011108364
0.000276946,1.000028677,0.000276946,0.013105373
0.000277446,1.010073538,0.000277446,0.001123318
0.000277946,1.010073538,0.000277946,0.002121822
0.000278446,1.002037649,0.000278446,0.013105373
0.000278946,1.002037649,0.000278946,0.005117336
0.000279446,1.008064566,0.000279446,0.011108364
0.000279946,0.997015219,0.000279946,0.02109341
0.000280446,1.000028677,0.000280446,0.026085934
0.000280946,1.002037649,0.000280946,0.016100887
0.000281446,0.99400176,0.000281446,0.010109859
0.000281946,1.002037649,0.000281946,-0.002870701
0.000282446,1.014091482,0.000282446,0.012106869
0.000282946,1.008064566,0.000282946,0.014103878
0.000283446,1.010073538,0.000283446,0.006115841
0.000283946,1.022127371,0.000283946,-0.001872196
0.000284446,1.006055593,0.000284446,0.012106869
0.000284946,1.010073538,0.000284946,0.02109341
0.000285446,1.002037649,0.000285446,0.006115841
0.000285946,0.996010733,0.000285946,0.024088924
0.000286446,1.001033163,0.000286446,-0.027833317
0.000286946,0.300906363,0.000286946,-0.577010868
0.000287446,0.134161673,0.000287446,-0.521094608
0.000287946,0.068870077,0.000287946,-0.427235172
0.000288446,0.03471755,0.000288446,-0.348353306
0.000288946,0.039739981,0.000288946,-0.285447514
0.000289446,0.02969512,0.000289446,-0.21155817
0.000289946,0.030699606,0.000289946,-0.162631443
0.000290446,0.023668203,0.000290446,-0.131677799
0.000290946,0.014627829,0.000290946,-0.097728642
0.000291446,0.028690634,0.000291446,-0.077758549
0.000291946,0.027686148,0.000291946,-0.057788456
0.000292446,0.025677176,0.000292446,-0.038816868
0.000292946,0.032708578,0.000292946,-0.027833317
0.000293446,0.02969512,0.000293446,-0.01784827
0.000293946,0.030699606,0.000293946,-0.014852757
0.000294446,0.026681662,0.000294446,0.009111355
0.000294946,0.031704092,0.000294946,0.001123318
0.000295446,0.021659231,0.000295446,0.005117336
0.000295946,0.023668203,0.000295946,0.004118832
0.000296446,0.01161437,0.000296446,0.004118832
0.000296946,0.035722036,0.000296946,0.00811285
0.000297446,0.025677176,0.000297446,0.00811285
0.000297946,0.022663717,0.000297946,0.000124813
0.000298446,0.028690634,0.000298446,0.018097897
0.000298946,0.031704092,0.000298946,0.003120327
0.000299446,0.027686148,0.000299446,0.003120327
0.000299946,0.021659231,0.000299946,0.016100887
0.000300446,0.02969512,0.000300446,0.012106869
0.000300946,0.018645773,0.000300946,0.001123318
0.000301446,0.021659231,0.000301446,0.006115841
0.000301946,0.023668203,0.000301946,0.000124813
0.000302446,0.033713064,0.000302446,0.000124813
0.000302946,0.032708578,0.000302946,0.004118832
0.000303446,0.015632315,0.000303446,0.014103878
0.000303946,0.023668203,0.000303946,0.018097897
0.000304446,0.027686148,0.000304446,0.02109341
0.000304946,0.039739981,0.000304946,0.006115841
0.000305446,0.028690634,0.000305446,0.016100887
0.000305946,0.032708578,0.000305946,0.020094906
0.000306446,0.031704092,0.000306446,0.013105373
0.000306946,0.025677176,0.000306946,0.016100887
0.000307446,0.030699606,0.000307446,0.009111355
0.000307946,0.032708578,0.000307946,0.010109859
0.000308446,0.025677176,0.000308446,0.024088924
0.000308946,0.028690634,0.000308946,0.006115841
0.000309446,0.030699606,0.000309446,-0.001872196
0.000309946,0.027686148,0.000309946,0.010109859
0.000310446,0.037731009,0.000310446,0.010109859
0.000310946,0.039739981,0.000310946,0.013105373
0.000311446,0.027686148,0.000311446,0.011108364
0.000311946,0.02969512,0.000311946,0.019096401
0.000312446,0.019650259,0.000312446,0.014103878
0.000312946,0.028690634,0.000312946,0.014103878
0.000313446,0.019650259,0.000313446,0.018097897
0.000313946,0.007596426,0.000313946,0.010109859
0.000314446,0.00659194,0.000314446,0.011108364
0.000314946,0.01161437,0.000314946,0.026085934
0.000315446,0.030699606,0.000315446,0.010109859
0.000315946,0.023668203,0.000315946,0.010109859
0.000316446,0.01161437,0.000316446,0.011108364
0.000316946,0.013623343,0.000316946,0.020094906
0.000317446,0.026681662,0.000317446,0.010109859
0.000317946,0.016636801,0.000317946,0.005117336
0.000318446,0.02969512,0.000318446,0.003120327
0.000318946,0.019650259,0.000318946,0.006115841
0.000319446,0.023668203,0.000319446,0.014103878
0.000319946,0.022663717,0.000319946,0.016100887
0.000320446,0.030699606,0.000320446,0.024088924
0.000320946,0.021659231,0.000320946,0.015102383
0.000321446,0.025677176,0.000321446,0.006115841
0.000321946,0.026681662,0.000321946,0.011108364
0.000322446,0.035722036,0.000322446,0.010109859
0.000322946,0.025677176,0.000322946,0.003120327
0.000323446,0.017641287,0.000323446,0.019096401
0.000323946,0.021659231,0.000323946,0.006115841
0.000324446,0.028690634,0.000324446,0.006115841
0.000324946,0.025677176,0.000324946,0.006115841
0.000325446,0.025677176,0.000325446,0.016100887
0.000325946,0.026681662,0.000325946,0.006115841
0.000326446,0.025677176,0.000326446,0.011108364
0.000326946,0.025677176,0.000326946,0.026085934
0.000327446,0.081928396,0.000327446,0.299676205
0.000327946,0.792100058,0.000327946,0.567275448
0.000328446,0.921678762,0.000328446,0.523341244
0.000328946,0.969894094,0.000328946,0.434474331
0.000329446,0.991992788,0.000329446,0.347604427
0.000329946,0.985965872,0.000329946,0.27071957
0.000330446,0.991992788,0.000330446,0.231777889
0.000330946,0.989983816,0.000330946,0.165876583
0.000331446,0.99400176,0.000331446,0.141912472
0.000331946,0.990988302,0.000331946,0.105966305
0.000332446,0.997015219,0.000332446,0.085996212
0.000332946,1.002037649,0.000332946,0.076011166
0.000333446,1.006055593,0.000333446,0.052047054
0.000333946,0.992997274,0.000333946,0.042062008
0.000334446,0.99400176,0.000334446,0.032076962
0.000334946,1.013086996,0.000334946,0.022091915
0.000335446,1.002037649,0.000335446,0.030079952
0.000335946,1.000028677,0.000335946,0.028082943
0.000336446,1.000028677,0.000336446,0.028082943
0.000336946,1.001033163,0.000336946,0.012106869
0.000337446,1.002037649,0.000337446,0.006115841
0.000337946,1.002037649,0.000337946,0.028082943
0.000338446,1.006055593,0.000338446,0.016100887
0.000338946,1.008064566,0.000338946,0.019096401
0.000339446,1.009069052,0.000339446,0.006115841
0.000339946,1.000028677,0.000339946,-0.003869205
0.000340446,1.009069052,0.000340446,0.009111355
0.000340946,1.010073538,0.000340946,0.017099392
0.000341446,1.008064566,0.000341446,0.016100887
0.000341946,1.010073538,0.000341946,0.006115841
0.000342446,1.006055593,0.000342446,0.006115841
0.000342946,1.000028677,0.000342946,0.000124813
0.000343446,1.001033163,0.000343446,0.002121822
0.000343946,1.010073538,0.000343946,0.011108364
0.000344446,0.991992788,0.000344446,0.000124813
0.000344946,1.002037649,0.000344946,0.004118832
0.000345446,0.991992788,0.000345446,0.017099392
0.000345946,1.000028677,0.000345946,0.006115841
0.000346446,1.008064566,0.000346446,0.010109859
0.000346946,1.01710494,0.000346946,0.018097897
0.000347446,1.008064566,0.000347446,0.011108364
0.000347946,1.015095968,0.000347946,0.016100887
0.000348446,1.000028677,0.000348446,0.028082943
0.000348946,1.001033163,0.000348946,0.010109859
0.000349446,0.996010733,0.000349446,0.012106869
0.000349946,1.002037649,0.000349946,0.006115841
0.000350446,1.006055593,0.000350446,-0.003869205
0.000350946,1.000028677,0.000350946,-0.007863224
0.000351446,0.991992788,0.000351446,0.003120327
0.000351946,0.99400176,0.000351946,0.006115841
0.000352446,0.998019705,0.000352446,0.006115841
0.000352946,1.013086996,0.000352946,0.004118832
0.000353446,1.016100454,0.000353446,0.002121822
0.000353946,1.00706008,0.000353946,0.006115841
0.000354446,1.002037649,0.000354446,0.009111355
0.000354946,0.99400176,0.000354946,0.00811285
0.000355446,0.998019705,0.000355446,0.012106869
0.000355946,1.010073538,0.000355946,0.000124813
0.000356446,1.008064566,0.000356446,0.010109859
0.000356946,1.002037649,0.000356946,0.004118832
0.000357446,0.996010733,0.000357446,0.000124813
0.000357946,1.002037649,0.000357946,0.011108364
0.000358446,1.008064566,0.000358446,0.018097897
0.000358946,0.981947927,0.000358946,0.015102383
0.000359446,1.001033163,0.000359446,0.00811285
0.000359946,1.00706008,0.000359946,0.018097897
0.000360446,1.00706008,0.000360446,0.012106869
0.000360946,1.006055593,0.000360946,0.014103878
0.000361446,0.991992788,0.000361446,0.014103878
0.000361946,1.002037649,0.000361946,0.026085934
