t1,ch1,t2,ch2
-1.5,1.5856547164916994,-1.499999875,0.015308761596679689
-1.498,1.590657768249512,-1.497999875,0.010309982299804689
-1.496,1.5966614303588869,-1.495999875,0.010309982299804689
-1.494,1.5936595993041993,-1.493999875,0.015308761596679689
-1.492,1.5956608200073243,-1.491999875,0.010309982299804689
-1.49,1.5976620407104494,-1.489999875,0.005311203002929688
-1.488,1.5996632614135744,-1.487999875,0.015308761596679689
-1.486,1.600663871765137,-1.485999875,0.015308761596679689
-1.484,1.600663871765137,-1.483999875,0.005311203002929688
-1.482,1.5936595993041993,-1.481999875,0.005311203002929688
-1.48,1.602665092468262,-1.479999875,0.010309982299804689
-1.478,1.6016644821166994,-1.477999875,0.010309982299804689
-1.476,1.6016644821166994,-1.475999875,0.015308761596679689
-1.474,1.5996632614135744,-1.473999875,0.015308761596679689
-1.472,1.600663871765137,-1.471999875,0.015308761596679689
-1.47,1.6076681442260745,-1.469999875,0.010309982299804689
-1.468,1.6076681442260745,-1.467999875,0.015308761596679689
-1.466,1.6016644821166994,-1.465999875,0.010309982299804689
-1.464,1.5996632614135744,-1.463999875,0.010309982299804689
-1.462,1.5946602096557618,-1.461999875,0.015308761596679689
-1.46,1.602665092468262,-1.459999875,0.0003124237060546875
-1.458,1.5996632614135744,-1.457999875,0.0003124237060546875
-1.456,1.5976620407104494,-1.455999875,0.015308761596679689
-1.454,1.6016644821166994,-1.453999875,0.010309982299804689
-1.452,1.6036657028198245,-1.451999875,0.010309982299804689
-1.45,1.6076681442260745,-1.449999875,0.015308761596679689
-1.448,1.5996632614135744,-1.447999875,0.020307540893554688
-1.446,1.5936595993041993,-1.445999875,0.010309982299804689
-1.444,1.6036657028198245,-1.443999875,0.020307540893554688
-1.442,1.600663871765137,-1.441999875,0.005311203002929688
-1.44,1.5996632614135744,-1.439999875,0.015308761596679689
-1.438,1.5966614303588869,-1.437999875,0.015308761596679689
-1.436,1.602665092468262,-1.435999875,0.010309982299804689
-1.434,1.6116705856323243,-1.433999875,0.015308761596679689
-1.432,1.602665092468262,-1.431999875,0.010309982299804689
-1.43,1.6016644821166994,-1.429999875,0.010309982299804689
-1.428,1.604666313171387,-1.427999875,0.010309982299804689
-1.426,1.5986626510620119,-1.425999875,0.02530632019042969
-1.424,1.604666313171387,-1.423999875,0.02530632019042969
-1.422,1.5966614303588869,-1.421999875,0.010309982299804689
-1.42,1.6016644821166994,-1.419999875,0.015308761596679689
-1.418,1.604666313171387,-1.417999875,0.015308761596679689
-1.416,1.6016644821166994,-1.415999875,0.010309982299804689
-1.414,1.5976620407104494,-1.413999875,0.020307540893554688
-1.412,1.5936595993041993,-1.411999875,0.010309982299804689
-1.41,1.5996632614135744,-1.409999875,0.010309982299804689
-1.408,1.5986626510620119,-1.407999875,0.015308761596679689
-1.4060000000000001,1.602665092468262,-1.4059998750000002,0.015308761596679689
-1.4040000000000001,1.5986626510620119,-1.4039998750000002,0.0003124237060546875
-1.4020000000000001,1.602665092468262,-1.4019998750000002,0.0003124237060546875
-1.4000000000000001,1.5956608200073243,-1.3999998750000002,0.005311203002929688
-1.3980000000000001,1.602665092468262,-1.3979998750000002,0.010309982299804689
-1.3960000000000001,1.5996632614135744,-1.3959998750000002,0.015308761596679689
-1.3940000000000001,1.5996632614135744,-1.3939998750000002,0.015308761596679689
-1.3920000000000001,1.6016644821166994,-1.3919998750000002,0.015308761596679689
-1.3900000000000001,1.5946602096557618,-1.3899998750000002,0.015308761596679689
-1.3880000000000001,1.5936595993041993,-1.3879998750000002,0.020307540893554688
-1.3860000000000001,1.6016644821166994,-1.3859998750000002,0.02530632019042969
-1.3840000000000001,1.602665092468262,-1.3839998750000002,0.020307540893554688
-1.3820000000000001,1.590657768249512,-1.3819998750000002,0.005311203002929688
-1.3800000000000001,1.600663871765137,-1.3799998750000002,0.015308761596679689
-1.3780000000000001,1.602665092468262,-1.3779998750000002,0.010309982299804689
-1.3760000000000001,1.5976620407104494,-1.3759998750000002,0.010309982299804689
-1.374,1.5996632614135744,-1.3739998750000002,0.015308761596679689
-1.372,1.5996632614135744,-1.3719998750000002,0.005311203002929688
-1.37,1.606667533874512,-1.3699998750000002,0.010309982299804689
-1.368,1.5916583786010745,-1.3679998750000002,0.010309982299804689
-1.366,1.604666313171387,-1.3659998750000002,0.015308761596679689
-1.364,1.5966614303588869,-1.3639998750000002,0.010309982299804689
-1.362,1.5976620407104494,-1.3619998750000002,0.010309982299804689
-1.36,1.6036657028198245,-1.3599998750000002,0.010309982299804689
-1.358,1.602665092468262,-1.3579998750000002,0.020307540893554688
-1.356,1.6016644821166994,-1.3559998750000002,0.005311203002929688
-1.354,1.6076681442260745,-1.3539998750000002,0.010309982299804689
-1.352,1.5986626510620119,-1.3519998750000002,0.015308761596679689
-1.35,1.5976620407104494,-1.3499998750000002,0.005311203002929688
-1.348,1.604666313171387,-1.3479998750000002,0.015308761596679689
-1.346,1.5996632614135744,-1.3459998750000002,0.015308761596679689
-1.344,1.602665092468262,-1.3439998750000002,0.010309982299804689
-1.342,1.6036657028198245,-1.3419998750000002,0.005311203002929688
-1.34,1.5986626510620119,-1.3399998750000002,0.02530632019042969
-1.338,1.604666313171387,-1.3379998750000002,0.015308761596679689
-1.336,1.5956608200073243,-1.3359998750000002,0.015308761596679689
-1.334,1.5956608200073243,-1.3339998750000002,0.015308761596679689
-1.332,1.590657768249512,-1.3319998750000002,0.005311203002929688
-1.33,1.5986626510620119,-1.3299998750000002,0.015308761596679689
-1.328,1.600663871765137,-1.3279998750000002,0.015308761596679689
-1.326,1.6016644821166994,-1.3259998750000002,0.015308761596679689
-1.324,1.5976620407104494,-1.3239998750000002,0.010309982299804689
-1.322,1.604666313171387,-1.3219998750000002,0.015308761596679689
-1.32,1.5956608200073243,-1.3199998750000002,0.015308761596679689
-1.318,1.6056669235229495,-1.3179998750000002,0.010309982299804689
-1.316,1.6036657028198245,-1.3159998750000002,0.010309982299804689
-1.314,1.606667533874512,-1.3139998750000002,0.005311203002929688
-1.312,1.600663871765137,-1.3119998750000001,0.015308761596679689
-1.31,1.5976620407104494,-1.3099998750000001,0.015308761596679689
-1.308,1.602665092468262,-1.3079998750000001,0.020307540893554688
-1.306,1.602665092468262,-1.3059998750000001,0.020307540893554688
-1.304,1.5996632614135744,-1.3039998750000001,0.010309982299804689
-1.302,1.6056669235229495,-1.3019998750000001,0.010309982299804689
-1.3,1.6016644821166994,-1.2999998750000001,0.020307540893554688
-1.298,1.5936595993041993,-1.2979998750000001,0.010309982299804689
-1.296,1.5996632614135744,-1.2959998750000001,0.015308761596679689
-1.294,1.604666313171387,-1.2939998750000001,0.010309982299804689
-1.292,1.5956608200073243,-1.2919998750000001,0.010309982299804689
-1.29,1.5966614303588869,-1.2899998750000001,0.010309982299804689
-1.288,1.5996632614135744,-1.2879998750000001,0.010309982299804689
-1.286,1.6016644821166994,-1.2859998750000001,0.015308761596679689
-1.284,1.5966614303588869,-1.2839998750000001,0.015308761596679689
-1.282,1.600663871765137,-1.2819998750000001,0.015308761596679689
-1.28,1.6036657028198245,-1.2799998750000001,0.020307540893554688
-1.278,1.600663871765137,-1.2779998750000001,0.015308761596679689
-1.276,1.5996632614135744,-1.2759998750000001,0.020307540893554688
-1.274,1.606667533874512,-1.2739998750000001,0.015308761596679689
-1.272,1.5966614303588869,-1.2719998750000001,0.015308761596679689
-1.27,1.600663871765137,-1.2699998750000001,0.020307540893554688
-1.268,1.6016644821166994,-1.267999875,0.015308761596679689
-1.266,1.6036657028198245,-1.265999875,0.010309982299804689
-1.264,1.6056669235229495,-1.263999875,0.020307540893554688
-1.262,1.5936595993041993,-1.261999875,0.015308761596679689
-1.26,1.600663871765137,-1.259999875,0.010309982299804689
-1.258,1.5956608200073243,-1.257999875,0.010309982299804689
-1.256,1.5956608200073243,-1.255999875,0.015308761596679689
-1.254,1.602665092468262,-1.253999875,0.010309982299804689
-1.252,1.5966614303588869,-1.251999875,0.010309982299804689
-1.25,1.6076681442260745,-1.249999875,0.015308761596679689
-1.248,1.6056669235229495,-1.247999875,0.020307540893554688
-1.246,1.5986626510620119,-1.245999875,0.015308761596679689
-1.244,1.5966614303588869,-1.243999875,0.010309982299804689
-1.242,1.602665092468262,-1.241999875,0.015308761596679689
-1.24,1.5976620407104494,-1.239999875,0.02530632019042969
-1.238,1.6016644821166994,-1.237999875,0.020307540893554688
-1.236,1.5956608200073243,-1.235999875,0.02530632019042969
-1.234,1.5876559371948245,-1.233999875,0.015308761596679689
-1.232,1.5926589889526368,-1.231999875,0.005311203002929688
-1.23,1.5936595993041993,-1.229999875,0.020307540893554688
-1.228,1.588656547546387,-1.227999875,0.015308761596679689
-1.226,1.5856547164916994,-1.225999875,0.015308761596679689
-1.224,1.586655326843262,-1.223999875,0.005311203002929688
-1.222,1.5836534957885744,-1.221999875,0.015308761596679689
-1.22,1.5876559371948245,-1.219999875,0.010309982299804689
-1.218,1.5826528854370119,-1.217999875,0.015308761596679689
-1.216,1.5796510543823243,-1.215999875,0.005311203002929688
-1.214,1.5736473922729495,-1.213999875,0.0003124237060546875
-1.212,1.5756486129760745,-1.211999875,0.015308761596679689
-1.21,1.572646781921387,-1.209999875,0.015308761596679689
-1.208,1.5756486129760745,-1.207999875,0.005311203002929688
-1.206,1.5666431198120119,-1.205999875,0.015308761596679689
-1.204,1.5616400680541993,-1.203999875,0.010309982299804689
-1.202,1.5616400680541993,-1.201999875,0.015308761596679689
-1.2,1.558638236999512,-1.199999875,0.010309982299804689
-1.198,1.5506333541870119,-1.197999875,0.015308761596679689
-1.196,1.552634574890137,-1.195999875,0.015308761596679689
-1.194,1.5486321334838868,-1.193999875,0.010309982299804689
-1.192,1.544629692077637,-1.191999875,0.010309982299804689
-1.19,1.5466309127807618,-1.189999875,0.010309982299804689
-1.188,1.542628471374512,-1.187999875,0.015308761596679689
-1.186,1.540627250671387,-1.185999875,0.010309982299804689
-1.184,1.5346235885620119,-1.183999875,0.010309982299804689
-1.182,1.5346235885620119,-1.181999875,0.015308761596679689
-1.18,1.5296205368041993,-1.179999875,0.0003124237060546875
-1.178,1.5256180953979495,-1.177999875,0.020307540893554688
-1.176,1.5276193161010745,-1.175999875,0.020307540893554688
-1.174,1.522616264343262,-1.173999875,0.015308761596679689
-1.172,1.5166126022338868,-1.171999875,0.010309982299804689
-1.17,1.5186138229370119,-1.169999875,0.015308761596679689
-1.168,1.510608940124512,-1.167999875,0.015308761596679689
-1.166,1.506606498718262,-1.165999875,0.010309982299804689
-1.164,1.5016034469604493,-1.163999875,0.010309982299804689
-1.162,1.508607719421387,-1.161999875,0.010309982299804689
-1.16,1.494599174499512,-1.159999875,0.02530632019042969
-1.158,1.4976010055541993,-1.157999875,0.0003124237060546875
-1.156,1.4935985641479494,-1.155999875,0.005311203002929688
-1.154,1.4875949020385744,-1.153999875,0.005311203002929688
-1.1520000000000001,1.4885955123901369,-1.1519998750000002,0.020307540893554688
-1.1500000000000001,1.4795900192260745,-1.1499998750000002,0.02530632019042969
-1.1480000000000001,1.4755875778198244,-1.1479998750000002,0.015308761596679689
-1.1460000000000001,1.4875949020385744,-1.1459998750000002,0.015308761596679689
-1.1440000000000001,1.4615790328979494,-1.1439998750000002,0.020307540893554688
-1.1420000000000001,1.4235558395385743,-1.1419998750000002,0.020307540893554688
-1.1400000000000001,1.3915363082885743,-1.1399998750000002,0.015308761596679689
-1.1380000000000001,1.4735863571166994,-1.1379998750000002,0.010309982299804689
-1.1360000000000001,1.4865942916870118,-1.1359998750000002,0.005311203002929688
-1.1340000000000001,1.496600395202637,-1.1339998750000002,0.010309982299804689
-1.1320000000000001,1.5056058883666994,-1.1319998750000002,0.015308761596679689
-1.1300000000000001,1.5136107711791993,-1.1299998750000002,0.005311203002929688
-1.1280000000000001,1.5156119918823243,-1.1279998750000002,0.005311203002929688
-1.1260000000000001,1.5236168746948244,-1.1259998750000002,0.010309982299804689
-1.124,1.5256180953979495,-1.1239998750000002,0.015308761596679689
-1.122,1.5416278610229495,-1.1219998750000002,0.015308761596679689
-1.12,1.5436290817260745,-1.1199998750000002,0.005311203002929688
-1.118,1.5466309127807618,-1.1179998750000002,0.015308761596679689
-1.116,1.5486321334838868,-1.1159998750000002,0.015308761596679689
-1.114,1.5416278610229495,-1.1139998750000002,0.015308761596679689
-1.112,1.5396266403198244,-1.1119998750000002,0.010309982299804689
-1.11,1.5256180953979495,-1.1099998750000002,0.010309982299804689
-1.108,1.5076071090698244,-1.1079998750000002,0.010309982299804689
-1.106,1.5006028366088868,-1.1059998750000002,0.010309982299804689
-1.104,1.4795900192260745,-1.1039998750000002,0.020307540893554688
-1.102,1.4565759811401369,-1.1019998750000002,0.020307540893554688
-1.1,1.4375643844604493,-1.0999998750000002,0.020307540893554688
-1.098,1.4115485153198244,-1.0979998750000002,0.015308761596679689
-1.096,1.3775277633666994,-1.0959998750000002,0.015308761596679689
-1.094,1.3465088424682619,-1.0939998750000002,0.015308761596679689
-1.092,1.3214935836791994,-1.0919998750000002,0.020307540893554688
-1.09,1.2964783248901368,-1.0899998750000002,0.020307540893554688
-1.088,1.2704624557495119,-1.0879998750000002,0.020307540893554688
-1.086,1.5326223678588868,-1.0859998750000002,0.015308761596679689
-1.084,1.5416278610229495,-1.0839998750000002,0.015308761596679689
-1.082,1.5506333541870119,-1.0819998750000002,0.015308761596679689
-1.08,1.556637016296387,-1.0799998750000002,0.010309982299804689
-1.078,1.5606394577026368,-1.0779998750000002,0.015308761596679689
-1.076,1.5656425094604494,-1.0759998750000002,-0.0046863555908203125
-1.074,1.5766492233276368,-1.0739998750000002,0.015308761596679689
-1.072,1.5786504440307618,-1.0719998750000002,0.010309982299804689
-1.07,1.584654106140137,-1.0699998750000002,0.015308761596679689
-1.068,1.5876559371948245,-1.0679998750000002,0.010309982299804689
-1.066,1.5916583786010745,-1.0659998750000002,0.015308761596679689
-1.064,1.5946602096557618,-1.0639998750000002,0.010309982299804689
-1.062,1.5936595993041993,-1.0619998750000001,0.020307540893554688
-1.06,1.5956608200073243,-1.0599998750000001,0.010309982299804689
-1.058,1.5956608200073243,-1.0579998750000001,0.010309982299804689
-1.056,1.5996632614135744,-1.0559998750000001,0.02530632019042969
-1.054,1.5976620407104494,-1.0539998750000001,0.015308761596679689
-1.052,1.606667533874512,-1.0519998750000001,0.020307540893554688
-1.05,1.5996632614135744,-1.0499998750000001,0.010309982299804689
-1.048,1.604666313171387,-1.0479998750000001,0.010309982299804689
-1.046,1.5966614303588869,-1.0459998750000001,0.010309982299804689
-1.044,1.6036657028198245,-1.0439998750000001,0.010309982299804689
-1.042,1.600663871765137,-1.0419998750000001,0.010309982299804689
-1.04,1.606667533874512,-1.0399998750000001,0.010309982299804689
-1.038,1.6036657028198245,-1.0379998750000001,0.015308761596679689
-1.036,1.6086687545776368,-1.0359998750000001,0.015308761596679689
-1.034,1.5966614303588869,-1.0339998750000001,0.010309982299804689
-1.032,1.5986626510620119,-1.0319998750000001,0.020307540893554688
-1.03,1.602665092468262,-1.0299998750000001,0.020307540893554688
-1.028,1.6056669235229495,-1.0279998750000001,0.015308761596679689
-1.026,1.604666313171387,-1.0259998750000001,0.015308761596679689
-1.024,1.604666313171387,-1.0239998750000001,0.015308761596679689
-1.022,1.6056669235229495,-1.0219998750000001,0.020307540893554688
-1.02,1.5986626510620119,-1.0199998750000001,0.005311203002929688
-1.018,1.5956608200073243,-1.017999875,0.020307540893554688
-1.016,1.6056669235229495,-1.015999875,0.015308761596679689
-1.014,1.6086687545776368,-1.013999875,0.010309982299804689
-1.012,1.602665092468262,-1.011999875,0.005311203002929688
-1.01,1.604666313171387,-1.009999875,0.0003124237060546875
-1.008,1.6086687545776368,-1.007999875,0.015308761596679689
-1.006,1.6036657028198245,-1.005999875,0.010309982299804689
-1.004,1.600663871765137,-1.003999875,0.010309982299804689
-1.002,1.604666313171387,-1.001999875,0.005311203002929688
-1.0,1.604666313171387,-0.999999875,0.010309982299804689
-0.998,1.5996632614135744,-0.997999875,0.010309982299804689
-0.996,1.6016644821166994,-0.995999875,0.010309982299804689
-0.994,1.606667533874512,-0.993999875,0.015308761596679689
-0.992,1.602665092468262,-0.991999875,0.010309982299804689
-0.99,1.600663871765137,-0.989999875,0.0003124237060546875
-0.988,1.600663871765137,-0.987999875,0.005311203002929688
-0.986,1.6036657028198245,-0.985999875,0.010309982299804689
-0.984,1.6056669235229495,-0.983999875,0.020307540893554688
-0.982,1.5986626510620119,-0.981999875,0.010309982299804689
-0.98,1.5946602096557618,-0.979999875,0.005311203002929688
-0.978,1.606667533874512,-0.977999875,0.015308761596679689
-0.976,1.602665092468262,-0.975999875,0.010309982299804689
-0.974,1.6016644821166994,-0.973999875,0.010309982299804689
-0.972,1.604666313171387,-0.971999875,0.015308761596679689
-0.97,1.602665092468262,-0.969999875,0.010309982299804689
-0.968,1.5976620407104494,-0.967999875,0.015308761596679689
-0.966,1.6016644821166994,-0.965999875,0.010309982299804689
-0.964,1.5996632614135744,-0.963999875,0.020307540893554688
-0.962,1.6056669235229495,-0.961999875,0.010309982299804689
-0.96,1.6016644821166994,-0.959999875,0.005311203002929688
-0.9580000000000001,1.602665092468262,-0.9579998750000001,0.005311203002929688
-0.9560000000000001,1.5986626510620119,-0.955999875,0.0003124237060546875
-0.9540000000000001,1.6036657028198245,-0.953999875,0.005311203002929688
-0.9520000000000001,1.5966614303588869,-0.951999875,0.005311203002929688
-0.9500000000000001,1.6016644821166994,-0.949999875,0.005311203002929688
-0.9480000000000001,1.606667533874512,-0.947999875,0.015308761596679689
-0.9460000000000001,1.5996632614135744,-0.945999875,0.010309982299804689
-0.9440000000000001,1.600663871765137,-0.943999875,0.010309982299804689
-0.9420000000000001,1.5986626510620119,-0.941999875,0.005311203002929688
-0.9400000000000001,1.6086687545776368,-0.939999875,0.005311203002929688
-0.9380000000000001,1.6016644821166994,-0.937999875,0.010309982299804689
-0.936,1.600663871765137,-0.935999875,0.005311203002929688
-0.934,1.604666313171387,-0.933999875,0.010309982299804689
-0.932,1.6016644821166994,-0.931999875,0.010309982299804689
-0.93,1.6036657028198245,-0.929999875,0.015308761596679689
-0.928,1.600663871765137,-0.927999875,0.005311203002929688
-0.926,1.604666313171387,-0.925999875,0.010309982299804689
-0.924,1.604666313171387,-0.923999875,0.015308761596679689
-0.922,1.600663871765137,-0.921999875,0.005311203002929688
-0.92,1.6016644821166994,-0.919999875,0.010309982299804689
-0.918,1.5996632614135744,-0.917999875,0.015308761596679689
-0.916,1.6016644821166994,-0.915999875,0.010309982299804689
-0.914,1.5946602096557618,-0.913999875,0.010309982299804689
-0.912,1.6076681442260745,-0.911999875,0.030305099487304688
-0.91,1.5996632614135744,-0.909999875,0.020307540893554688
-0.908,1.600663871765137,-0.907999875,0.015308761596679689
-0.906,1.602665092468262,-0.905999875,0.005311203002929688
-0.904,1.604666313171387,-0.903999875,0.015308761596679689
-0.902,1.6016644821166994,-0.901999875,0.010309982299804689
-0.9,1.6016644821166994,-0.899999875,0.015308761596679689
-0.898,1.6086687545776368,-0.897999875,0.015308761596679689
-0.896,1.5976620407104494,-0.895999875,0.020307540893554688
-0.894,1.6036657028198245,-0.893999875,0.02530632019042969
-0.892,1.5966614303588869,-0.891999875,0.010309982299804689
-0.89,1.5976620407104494,-0.889999875,0.015308761596679689
-0.888,1.5946602096557618,-0.887999875,0.015308761596679689
-0.886,1.5946602096557618,-0.885999875,0.005311203002929688
-0.884,1.5956608200073243,-0.883999875,0.010309982299804689
-0.882,1.5986626510620119,-0.881999875,0.010309982299804689
-0.88,1.5946602096557618,-0.879999875,0.020307540893554688
-0.878,1.5916583786010745,-0.877999875,0.005311203002929688
-0.876,1.5946602096557618,-0.875999875,0.010309982299804689
-0.874,1.5916583786010745,-0.873999875,0.010309982299804689
-0.872,1.5876559371948245,-0.871999875,0.015308761596679689
-0.87,1.5876559371948245,-0.869999875,0.010309982299804689
-0.868,1.5806516647338869,-0.867999875,0.005311203002929688
-0.866,1.5786504440307618,-0.865999875,0.015308761596679689
-0.864,1.5806516647338869,-0.863999875,0.010309982299804689
-0.862,1.5786504440307618,-0.861999875,0.010309982299804689
-0.86,1.572646781921387,-0.859999875,0.005311203002929688
-0.858,1.5636412887573243,-0.857999875,0.015308761596679689
-0.856,1.5646418991088868,-0.855999875,0.005311203002929688
-0.854,1.5606394577026368,-0.853999875,0.015308761596679689
-0.852,1.558638236999512,-0.851999875,0.005311203002929688
-0.85,1.556637016296387,-0.849999875,0.005311203002929688
-0.848,1.5496327438354494,-0.847999875,0.005311203002929688
-0.846,1.5536351852416994,-0.845999875,0.020307540893554688
-0.844,1.540627250671387,-0.843999875,0.010309982299804689
-0.842,1.5476315231323243,-0.841999875,0.015308761596679689
-0.84,1.542628471374512,-0.839999875,0.010309982299804689
-0.838,1.538626029968262,-0.837999875,0.010309982299804689
-0.836,1.542628471374512,-0.835999875,0.015308761596679689
-0.834,1.5516339645385744,-0.833999875,0.010309982299804689
-0.8320000000000001,1.5486321334838868,-0.831999875,0.015308761596679689
-0.8300000000000001,1.5516339645385744,-0.829999875,0.010309982299804689
-0.8280000000000001,1.556637016296387,-0.827999875,0.010309982299804689
-0.8260000000000001,1.5616400680541993,-0.825999875,0.010309982299804689
-0.8240000000000001,1.5606394577026368,-0.823999875,0.005311203002929688
-0.8220000000000001,1.5616400680541993,-0.821999875,0.010309982299804689
-0.8200000000000001,1.568644340515137,-0.819999875,0.015308761596679689
-0.8180000000000001,1.572646781921387,-0.817999875,0.015308761596679689
-0.8160000000000001,1.5766492233276368,-0.815999875,0.020307540893554688
-0.8140000000000001,1.5806516647338869,-0.813999875,0.010309982299804689
-0.812,1.586655326843262,-0.811999875,0.0003124237060546875
-0.81,1.5896571578979495,-0.809999875,0.020307540893554688
-0.808,1.5976620407104494,-0.807999875,0.005311203002929688
-0.806,1.5946602096557618,-0.805999875,0.010309982299804689
-0.804,1.5926589889526368,-0.803999875,0.005311203002929688
-0.802,1.5956608200073243,-0.801999875,0.015308761596679689
-0.8,1.5996632614135744,-0.799999875,0.020307540893554688
-0.798,1.5996632614135744,-0.797999875,0.015308761596679689
-0.796,1.600663871765137,-0.795999875,0.015308761596679689
-0.794,1.5976620407104494,-0.793999875,0.005311203002929688
-0.792,1.5986626510620119,-0.791999875,0.015308761596679689
-0.79,1.604666313171387,-0.789999875,0.010309982299804689
-0.788,1.6056669235229495,-0.787999875,0.015308761596679689
-0.786,1.604666313171387,-0.785999875,0.005311203002929688
-0.784,1.6016644821166994,-0.783999875,0.010309982299804689
-0.782,1.606667533874512,-0.781999875,0.015308761596679689
-0.78,1.5936595993041993,-0.779999875,0.0003124237060546875
-0.778,1.6056669235229495,-0.777999875,0.010309982299804689
-0.776,1.600663871765137,-0.775999875,0.015308761596679689
-0.774,1.6036657028198245,-0.773999875,0.010309982299804689
-0.772,1.6016644821166994,-0.771999875,0.005311203002929688
-0.77,1.604666313171387,-0.769999875,0.010309982299804689
-0.768,1.602665092468262,-0.767999875,0.005311203002929688
-0.766,1.5986626510620119,-0.765999875,0.02530632019042969
-0.764,1.6036657028198245,-0.763999875,0.015308761596679689
-0.762,1.604666313171387,-0.761999875,0.015308761596679689
-0.76,1.5986626510620119,-0.759999875,0.005311203002929688
-0.758,1.5946602096557618,-0.757999875,0.005311203002929688
-0.756,1.6016644821166994,-0.755999875,0.010309982299804689
-0.754,1.6086687545776368,-0.753999875,0.015308761596679689
-0.752,1.600663871765137,-0.751999875,0.015308761596679689
-0.75,1.600663871765137,-0.749999875,0.010309982299804689
-0.748,1.6056669235229495,-0.747999875,0.015308761596679689
-0.746,1.5996632614135744,-0.745999875,0.010309982299804689
-0.744,1.6016644821166994,-0.743999875,0.015308761596679689
-0.742,1.5996632614135744,-0.741999875,0.010309982299804689
-0.74,1.602665092468262,-0.739999875,0.015308761596679689
-0.738,1.600663871765137,-0.737999875,0.015308761596679689
-0.736,1.6076681442260745,-0.735999875,0.010309982299804689
-0.734,1.5966614303588869,-0.733999875,0.005311203002929688
-0.732,1.5986626510620119,-0.731999875,0.015308761596679689
-0.73,1.5936595993041993,-0.729999875,0.015308761596679689
-0.728,1.5976620407104494,-0.727999875,0.015308761596679689
-0.726,1.6036657028198245,-0.725999875,0.015308761596679689
-0.724,1.600663871765137,-0.723999875,0.005311203002929688
-0.722,1.6016644821166994,-0.721999875,0.010309982299804689
-0.72,1.5976620407104494,-0.719999875,0.010309982299804689
-0.718,1.5986626510620119,-0.717999875,0.020307540893554688
-0.716,1.5986626510620119,-0.715999875,0.015308761596679689
-0.714,1.5976620407104494,-0.713999875,0.005311203002929688
-0.712,1.5956608200073243,-0.711999875,0.005311203002929688
-0.71,1.5986626510620119,-0.709999875,0.010309982299804689
-0.708,1.602665092468262,-0.707999875,0.02530632019042969
-0.706,1.602665092468262,-0.7059998749999999,0.015308761596679689
-0.704,1.600663871765137,-0.7039998749999999,0.010309982299804689
-0.7020000000000001,1.6016644821166994,-0.701999875,0.015308761596679689
-0.7000000000000001,1.5916583786010745,-0.699999875,0.005311203002929688
-0.6980000000000001,1.5976620407104494,-0.697999875,0.010309982299804689
-0.6960000000000001,1.6016644821166994,-0.695999875,0.010309982299804689
-0.6940000000000001,1.5986626510620119,-0.693999875,0.015308761596679689
-0.6920000000000001,1.604666313171387,-0.691999875,0.020307540893554688
-0.6900000000000001,1.602665092468262,-0.689999875,0.010309982299804689
-0.6880000000000001,1.606667533874512,-0.687999875,0.010309982299804689
-0.686,1.600663871765137,-0.685999875,0.015308761596679689
-0.684,1.5996632614135744,-0.683999875,0.005311203002929688
-0.682,1.600663871765137,-0.681999875,0.015308761596679689
-0.68,1.602665092468262,-0.679999875,0.015308761596679689
-0.678,1.5956608200073243,-0.677999875,0.010309982299804689
-0.676,1.5936595993041993,-0.675999875,0.005311203002929688
-0.674,1.5946602096557618,-0.673999875,0.015308761596679689
-0.672,1.5956608200073243,-0.671999875,0.010309982299804689
-0.67,1.5926589889526368,-0.669999875,0.020307540893554688
-0.668,1.590657768249512,-0.667999875,0.015308761596679689
-0.666,1.5916583786010745,-0.665999875,0.015308761596679689
-0.664,1.588656547546387,-0.663999875,0.005311203002929688
-0.662,1.588656547546387,-0.661999875,0.015308761596679689
-0.66,1.5896571578979495,-0.659999875,0.010309982299804689
-0.658,1.5806516647338869,-0.657999875,0.010309982299804689
-0.656,1.5776498336791993,-0.655999875,0.015308761596679689
-0.654,1.5816522750854494,-0.653999875,0.015308761596679689
-0.652,1.572646781921387,-0.651999875,0.010309982299804689
-0.65,1.5756486129760745,-0.649999875,0.015308761596679689
-0.648,1.574648002624512,-0.647999875,0.010309982299804689
-0.646,1.572646781921387,-0.645999875,0.015308761596679689
-0.644,1.5666431198120119,-0.643999875,0.0003124237060546875
-0.642,1.5636412887573243,-0.641999875,0.015308761596679689
-0.64,1.5596388473510745,-0.639999875,0.020307540893554688
-0.638,1.5556364059448244,-0.637999875,0.020307540893554688
-0.636,1.5596388473510745,-0.635999875,0.010309982299804689
-0.634,1.5556364059448244,-0.633999875,0.010309982299804689
-0.632,1.552634574890137,-0.631999875,0.010309982299804689
-0.63,1.540627250671387,-0.629999875,0.005311203002929688
-0.628,1.5416278610229495,-0.627999875,0.015308761596679689
-0.626,1.5326223678588868,-0.625999875,0.015308761596679689
-0.624,1.5306211471557618,-0.623999875,0.015308761596679689
-0.622,1.5396266403198244,-0.621999875,0.010309982299804689
-0.62,1.5216156539916994,-0.619999875,0.0003124237060546875
-0.618,1.528619926452637,-0.617999875,0.005311203002929688
-0.616,1.5276193161010745,-0.615999875,0.010309982299804689
-0.614,1.5206150436401369,-0.613999875,0.010309982299804689
-0.612,1.510608940124512,-0.611999875,0.005311203002929688
-0.61,1.5166126022338868,-0.609999875,0.005311203002929688
-0.608,1.512610160827637,-0.607999875,0.005311203002929688
-0.606,1.510608940124512,-0.605999875,0.010309982299804689
-0.604,1.5026040573120119,-0.603999875,0.005311203002929688
-0.602,1.4996022262573243,-0.601999875,0.015308761596679689
-0.6,1.4976010055541993,-0.599999875,0.010309982299804689
-0.598,1.4915973434448244,-0.597999875,0.010309982299804689
-0.596,1.4875949020385744,-0.595999875,0.005311203002929688
-0.594,1.4915973434448244,-0.593999875,0.010309982299804689
-0.592,1.4885955123901369,-0.591999875,0.010309982299804689
-0.59,1.4875949020385744,-0.589999875,0.010309982299804689
-0.588,1.4865942916870118,-0.587999875,0.010309982299804689
-0.586,1.4795900192260745,-0.585999875,0.005311203002929688
-0.584,1.4735863571166994,-0.583999875,0.0003124237060546875
-0.582,1.444568656921387,-0.5819998749999999,0.0003124237060546875
-0.58,1.4095472946166994,-0.5799998749999999,0.005311203002929688
-0.578,1.3775277633666994,-0.5779998749999999,0.010309982299804689
-0.5760000000000001,1.4775887985229494,-0.575999875,0.010309982299804689
-0.5740000000000001,1.4865942916870118,-0.573999875,0.010309982299804689
-0.5720000000000001,1.4986016159057618,-0.571999875,0.010309982299804689
-0.5700000000000001,1.508607719421387,-0.569999875,0.0003124237060546875
-0.5680000000000001,1.5076071090698244,-0.567999875,0.005311203002929688
-0.5660000000000001,1.5216156539916994,-0.565999875,0.005311203002929688
-0.5640000000000001,1.524617485046387,-0.563999875,0.010309982299804689
-0.562,1.5296205368041993,-0.561999875,0.015308761596679689
-0.56,1.5416278610229495,-0.559999875,0.010309982299804689
-0.558,1.5506333541870119,-0.557999875,0.010309982299804689
-0.556,1.5556364059448244,-0.555999875,0.010309982299804689
-0.554,1.554635795593262,-0.553999875,0.0003124237060546875
-0.552,1.5576376266479495,-0.551999875,0.005311203002929688
-0.55,1.5576376266479495,-0.549999875,0.010309982299804689
-0.548,1.570645561218262,-0.547999875,0.005311203002929688
-0.546,1.5736473922729495,-0.545999875,0.015308761596679689
-0.544,1.574648002624512,-0.543999875,0.010309982299804689
-0.542,1.5796510543823243,-0.541999875,0.010309982299804689
-0.54,1.5856547164916994,-0.539999875,0.010309982299804689
-0.538,1.5836534957885744,-0.537999875,0.0003124237060546875
-0.536,1.5836534957885744,-0.535999875,0.010309982299804689
-0.534,1.5766492233276368,-0.533999875,0.015308761596679689
-0.532,1.5756486129760745,-0.531999875,0.020307540893554688
-0.53,1.5696449508666994,-0.529999875,0.005311203002929688
-0.528,1.5636412887573243,-0.527999875,0.010309982299804689
-0.526,1.5396266403198244,-0.525999875,0.005311203002929688
-0.524,1.528619926452637,-0.523999875,0.010309982299804689
-0.522,1.5036046676635744,-0.521999875,0.005311203002929688
-0.52,1.4845930709838868,-0.519999875,0.010309982299804689
-0.518,1.4615790328979494,-0.517999875,0.005311203002929688
-0.516,1.4345625534057618,-0.515999875,0.010309982299804689
-0.514,1.402543022155762,-0.513999875,0.005311203002929688
-0.512,1.3745259323120118,-0.511999875,0.010309982299804689
-0.51,1.3395045700073245,-0.509999875,0.010309982299804689
-0.508,1.3074850387573245,-0.507999875,0.005311203002929688
-0.506,1.2814691696166993,-0.505999875,0.0003124237060546875
-0.504,1.2474484176635743,-0.503999875,0.005311203002929688
-0.502,1.5346235885620119,-0.501999875,0.010309982299804689
-0.5,1.540627250671387,-0.499999875,0.005311203002929688
-0.498,1.5466309127807618,-0.497999875,0.005311203002929688
-0.496,1.558638236999512,-0.495999875,0.005311203002929688
-0.494,1.5676437301635744,-0.493999875,0.010309982299804689
-0.492,1.572646781921387,-0.491999875,0.005311203002929688
-0.49,1.5756486129760745,-0.489999875,0.005311203002929688
-0.488,1.5806516647338869,-0.48799987499999997,0.010309982299804689
-0.486,1.5836534957885744,-0.48599987499999997,0.010309982299804689
-0.484,1.586655326843262,-0.48399987499999997,0.0003124237060546875
-0.482,1.590657768249512,-0.48199987499999997,0.0003124237060546875
-0.48,1.5876559371948245,-0.47999987499999996,0.010309982299804689
-0.47800000000000004,1.5956608200073243,-0.477999875,0.005311203002929688
-0.47600000000000003,1.5956608200073243,-0.475999875,0.010309982299804689
-0.47400000000000003,1.6076681442260745,-0.473999875,0.010309982299804689
-0.47200000000000003,1.5986626510620119,-0.471999875,0.010309982299804689
-0.47000000000000003,1.5986626510620119,-0.469999875,0.005311203002929688
-0.468,1.5996632614135744,-0.467999875,0.005311203002929688
-0.466,1.5996632614135744,-0.465999875,0.005311203002929688
-0.464,1.5986626510620119,-0.463999875,0.0003124237060546875
-0.462,1.5996632614135744,-0.461999875,-0.0046863555908203125
-0.46,1.5986626510620119,-0.459999875,0.005311203002929688
-0.458,1.6056669235229495,-0.457999875,0.015308761596679689
-0.456,1.604666313171387,-0.455999875,0.015308761596679689
-0.454,1.6016644821166994,-0.453999875,0.010309982299804689
-0.452,1.604666313171387,-0.451999875,0.005311203002929688
-0.45,1.6016644821166994,-0.449999875,0.010309982299804689
-0.448,1.5956608200073243,-0.447999875,0.015308761596679689
-0.446,1.5986626510620119,-0.445999875,0.015308761596679689
-0.444,1.6016644821166994,-0.443999875,0.010309982299804689
-0.442,1.5956608200073243,-0.441999875,0.010309982299804689
-0.44,1.6036657028198245,-0.439999875,0.005311203002929688
-0.438,1.5986626510620119,-0.437999875,0.005311203002929688
-0.436,1.6016644821166994,-0.435999875,0.005311203002929688
-0.434,1.5946602096557618,-0.433999875,0.005311203002929688
-0.432,1.5986626510620119,-0.431999875,0.005311203002929688
-0.43,1.5996632614135744,-0.429999875,0.010309982299804689
-0.428,1.5926589889526368,-0.427999875,0.005311203002929688
-0.426,1.5956608200073243,-0.425999875,0.005311203002929688
-0.424,1.5996632614135744,-0.42399987499999997,0.020307540893554688
-0.422,1.604666313171387,-0.42199987499999997,0.005311203002929688
-0.42,1.5996632614135744,-0.41999987499999997,0.0003124237060546875
-0.418,1.5996632614135744,-0.41799987499999997,0.010309982299804689
-0.41600000000000004,1.6036657028198245,-0.415999875,0.005311203002929688
-0.41400000000000003,1.600663871765137,-0.413999875,0.015308761596679689
-0.41200000000000003,1.6036657028198245,-0.411999875,0.010309982299804689
-0.41000000000000003,1.602665092468262,-0.409999875,0.020307540893554688
-0.40800000000000003,1.6056669235229495,-0.407999875,0.005311203002929688
-0.406,1.5996632614135744,-0.405999875,0.0003124237060546875
-0.404,1.5966614303588869,-0.403999875,0.010309982299804689
-0.402,1.606667533874512,-0.401999875,0.020307540893554688
-0.4,1.5986626510620119,-0.399999875,0.0003124237060546875
-0.398,1.5966614303588869,-0.397999875,0.015308761596679689
-0.396,1.6016644821166994,-0.395999875,0.010309982299804689
-0.394,1.6056669235229495,-0.393999875,0.0003124237060546875
-0.392,1.6036657028198245,-0.391999875,0.0003124237060546875
-0.39,1.604666313171387,-0.389999875,0.010309982299804689
-0.388,1.6076681442260745,-0.387999875,0.015308761596679689
-0.386,1.604666313171387,-0.385999875,0.010309982299804689
-0.384,1.6016644821166994,-0.383999875,0.010309982299804689
-0.382,1.602665092468262,-0.381999875,0.010309982299804689
-0.38,1.6116705856323243,-0.379999875,0.015308761596679689
-0.378,1.5986626510620119,-0.377999875,0.005311203002929688
-0.376,1.6056669235229495,-0.375999875,0.010309982299804689
-0.374,1.6036657028198245,-0.373999875,0.005311203002929688
-0.372,1.6016644821166994,-0.371999875,0.015308761596679689
-0.37,1.5976620407104494,-0.369999875,0.005311203002929688
-0.368,1.5986626510620119,-0.367999875,0.010309982299804689
-0.366,1.6036657028198245,-0.365999875,0.005311203002929688
-0.364,1.588656547546387,-0.363999875,0.010309982299804689
-0.362,1.6016644821166994,-0.36199987499999997,0.010309982299804689
-0.36,1.602665092468262,-0.35999987499999997,0.005311203002929688
-0.358,1.600663871765137,-0.35799987499999997,0.005311203002929688
-0.356,1.5986626510620119,-0.35599987499999997,0.0003124237060546875
-0.354,1.6016644821166994,-0.35399987499999996,0.010309982299804689
-0.352,1.604666313171387,-0.35199987499999996,0.005311203002929688
-0.35000000000000003,1.5926589889526368,-0.349999875,0.010309982299804689
-0.34800000000000003,1.5976620407104494,-0.347999875,0.005311203002929688
-0.34600000000000003,1.6056669235229495,-0.345999875,0.005311203002929688
-0.34400000000000003,1.5996632614135744,-0.343999875,0.005311203002929688
-0.342,1.6086687545776368,-0.341999875,0.010309982299804689
-0.34,1.5996632614135744,-0.339999875,0.020307540893554688
-0.338,1.6076681442260745,-0.337999875,0.010309982299804689
-0.336,1.5996632614135744,-0.335999875,0.010309982299804689
-0.334,1.6036657028198245,-0.333999875,0.020307540893554688
-0.332,1.5956608200073243,-0.331999875,0.015308761596679689
-0.33,1.600663871765137,-0.329999875,0.010309982299804689
-0.328,1.6016644821166994,-0.327999875,0.005311203002929688
-0.326,1.5986626510620119,-0.325999875,0.0003124237060546875
-0.324,1.6036657028198245,-0.323999875,0.010309982299804689
-0.322,1.602665092468262,-0.321999875,0.005311203002929688
-0.32,1.5956608200073243,-0.319999875,0.010309982299804689
-0.318,1.6056669235229495,-0.317999875,0.005311203002929688
-0.316,1.6036657028198245,-0.315999875,0.005311203002929688
-0.314,1.5946602096557618,-0.313999875,0.005311203002929688
-0.312,1.5966614303588869,-0.311999875,0.0003124237060546875
-0.31,1.5976620407104494,-0.309999875,0.005311203002929688
-0.308,1.5966614303588869,-0.307999875,0.0003124237060546875
-0.306,1.5946602096557618,-0.305999875,0.0003124237060546875
-0.304,1.6016644821166994,-0.303999875,0.005311203002929688
-0.302,1.6056669235229495,-0.301999875,0.010309982299804689
-0.3,1.6036657028198245,-0.29999987499999997,0.005311203002929688
-0.298,1.590657768249512,-0.29799987499999997,0.010309982299804689
-0.296,1.5976620407104494,-0.29599987499999997,0.0003124237060546875
-0.294,1.6056669235229495,-0.29399987499999997,0.005311203002929688
-0.292,1.6016644821166994,-0.29199987499999996,0.010309982299804689
-0.29,1.602665092468262,-0.28999987499999996,0.015308761596679689
-0.28800000000000003,1.606667533874512,-0.287999875,0.005311203002929688
-0.28600000000000003,1.5996632614135744,-0.285999875,0.005311203002929688
-0.28400000000000003,1.5996632614135744,-0.283999875,0.005311203002929688
-0.28200000000000003,1.5956608200073243,-0.281999875,0.005311203002929688
-0.28,1.5976620407104494,-0.279999875,0.010309982299804689
-0.278,1.5986626510620119,-0.277999875,0.010309982299804689
-0.276,1.6016644821166994,-0.275999875,0.005311203002929688
-0.274,1.6016644821166994,-0.273999875,0.010309982299804689
-0.272,1.6036657028198245,-0.271999875,0.010309982299804689
-0.27,1.600663871765137,-0.269999875,0.005311203002929688
-0.268,1.600663871765137,-0.267999875,0.010309982299804689
-0.266,1.5996632614135744,-0.265999875,0.010309982299804689
-0.264,1.602665092468262,-0.263999875,0.020307540893554688
-0.262,1.5926589889526368,-0.261999875,0.005311203002929688
-0.26,1.6016644821166994,-0.259999875,0.010309982299804689
-0.258,1.5916583786010745,-0.257999875,-0.0046863555908203125
-0.256,1.5986626510620119,-0.255999875,0.010309982299804689
-0.254,1.5946602096557618,-0.253999875,0.010309982299804689
-0.252,1.5936595993041993,-0.251999875,0.0003124237060546875
-0.25,1.5936595993041993,-0.249999875,-0.009685134887695313
-0.248,1.5986626510620119,-0.247999875,-0.0046863555908203125
-0.246,1.5956608200073243,-0.245999875,0.0003124237060546875
-0.244,1.5916583786010745,-0.243999875,0.0003124237060546875
-0.242,1.5956608200073243,-0.241999875,0.010309982299804689
-0.24,1.590657768249512,-0.239999875,0.010309982299804689
-0.23800000000000002,1.5956608200073243,-0.23799987500000003,0.010309982299804689
-0.23600000000000002,1.590657768249512,-0.23599987500000003,0.010309982299804689
-0.234,1.5836534957885744,-0.23399987500000002,0.005311203002929688
-0.232,1.584654106140137,-0.23199987500000002,0.005311203002929688
-0.23,1.584654106140137,-0.22999987500000002,0.005311203002929688
-0.228,1.5856547164916994,-0.22799987500000002,0.015308761596679689
-0.226,1.586655326843262,-0.22599987500000002,0.010309982299804689
-0.224,1.5836534957885744,-0.22399987500000001,0.005311203002929688
-0.222,1.5796510543823243,-0.221999875,0.005311203002929688
-0.22,1.5736473922729495,-0.219999875,-0.009685134887695313
-0.218,1.574648002624512,-0.217999875,0.005311203002929688
-0.216,1.5696449508666994,-0.215999875,0.005311203002929688
-0.214,1.5666431198120119,-0.213999875,0.005311203002929688
-0.212,1.5656425094604494,-0.211999875,0.010309982299804689
-0.21,1.5666431198120119,-0.209999875,0.010309982299804689
-0.20800000000000002,1.5666431198120119,-0.20799987500000003,0.015308761596679689
-0.20600000000000002,1.558638236999512,-0.20599987500000003,0.010309982299804689
-0.20400000000000001,1.5536351852416994,-0.20399987500000002,0.020307540893554688
-0.202,1.554635795593262,-0.20199987500000002,0.005311203002929688
-0.2,1.552634574890137,-0.19999987500000002,0.005311203002929688
-0.198,1.542628471374512,-0.19799987500000002,0.005311203002929688
-0.196,1.5436290817260745,-0.19599987500000002,0.010309982299804689
-0.194,1.5486321334838868,-0.19399987500000002,0.010309982299804689
-0.192,1.5396266403198244,-0.19199987500000001,0.010309982299804689
-0.19,1.536624809265137,-0.189999875,0.0003124237060546875
-0.188,1.5256180953979495,-0.187999875,0.010309982299804689
-0.186,1.524617485046387,-0.185999875,0.005311203002929688
-0.184,1.526618705749512,-0.183999875,0.010309982299804689
-0.182,1.5166126022338868,-0.181999875,-0.0046863555908203125
-0.18,1.522616264343262,-0.179999875,0.010309982299804689
-0.178,1.512610160827637,-0.177999875,0.015308761596679689
-0.176,1.5116095504760745,-0.175999875,0.0003124237060546875
-0.17400000000000002,1.5096083297729495,-0.17399987500000003,0.010309982299804689
-0.17200000000000001,1.5046052780151369,-0.17199987500000002,0.010309982299804689
-0.17,1.5006028366088868,-0.16999987500000002,0.005311203002929688
-0.168,1.5006028366088868,-0.16799987500000002,0.005311203002929688
-0.166,1.4996022262573243,-0.16599987500000002,0.010309982299804689
-0.164,1.4915973434448244,-0.16399987500000002,0.005311203002929688
-0.162,1.4915973434448244,-0.16199987500000002,0.010309982299804689
-0.16,1.490596733093262,-0.159999875,0.005311203002929688
-0.158,1.4885955123901369,-0.157999875,0.015308761596679689
-0.156,1.4895961227416994,-0.155999875,0.020307540893554688
-0.154,1.4835924606323243,-0.153999875,0.020307540893554688
-0.152,1.4775887985229494,-0.151999875,0.010309982299804689
-0.15,1.4715851364135744,-0.149999875,0.010309982299804689
-0.148,1.444568656921387,-0.147999875,0.005311203002929688
-0.146,1.400541801452637,-0.145999875,0.010309982299804689
-0.14400000000000002,1.368522270202637,-0.14399987500000003,0.0003124237060546875
-0.14200000000000002,1.4845930709838868,-0.14199987500000003,-0.0046863555908203125
-0.14,1.494599174499512,-0.13999987500000002,0.010309982299804689
-0.138,1.4996022262573243,-0.13799987500000002,0.005311203002929688
-0.136,1.5056058883666994,-0.13599987500000002,0.005311203002929688
-0.134,1.5116095504760745,-0.13399987500000002,0.005311203002929688
-0.132,1.5236168746948244,-0.13199987500000002,0.010309982299804689
-0.13,1.5256180953979495,-0.12999987500000001,0.010309982299804689
-0.128,1.5336229782104494,-0.127999875,0.010309982299804689
-0.126,1.5346235885620119,-0.125999875,0.0003124237060546875
-0.124,1.5496327438354494,-0.123999875,0.005311203002929688
-0.122,1.554635795593262,-0.121999875,0.010309982299804689
-0.12,1.556637016296387,-0.11999987499999999,0.005311203002929688
-0.11800000000000001,1.5606394577026368,-0.117999875,0.005311203002929688
-0.116,1.5716461715698244,-0.115999875,0.005311203002929688
-0.114,1.5676437301635744,-0.113999875,0.015308761596679689
-0.112,1.570645561218262,-0.111999875,0.0003124237060546875
-0.11,1.5786504440307618,-0.109999875,0.005311203002929688
-0.108,1.574648002624512,-0.107999875,0.0003124237060546875
-0.106,1.5776498336791993,-0.105999875,-0.0046863555908203125
-0.10400000000000001,1.572646781921387,-0.103999875,0.010309982299804689
-0.10200000000000001,1.5816522750854494,-0.101999875,0.020307540893554688
-0.1,1.572646781921387,-0.099999875,0.02530632019042969
-0.098,1.568644340515137,-0.097999875,0.020307540893554688
-0.096,1.5696449508666994,-0.095999875,0.015308761596679689
-0.094,1.5666431198120119,-0.093999875,0.0003124237060546875
-0.092,1.5656425094604494,-0.091999875,0.010309982299804689
-0.09,1.5616400680541993,-0.089999875,0.020307540893554688
-0.088,1.5656425094604494,-0.08799987499999999,0.020307540893554688
-0.08600000000000001,1.5646418991088868,-0.085999875,0.015308761596679689
-0.084,1.5656425094604494,-0.083999875,0.015308761596679689
-0.082,1.552634574890137,-0.081999875,0.015308761596679689
-0.08,1.5556364059448244,-0.079999875,0.015308761596679689
-0.078,1.5516339645385744,-0.077999875,0.020307540893554688
-0.076,1.540627250671387,-0.075999875,0.015308761596679689
-0.074,1.5436290817260745,-0.07399987499999999,0.010309982299804689
-0.07200000000000001,1.5376254196166994,-0.071999875,0.015308761596679689
-0.07,1.5346235885620119,-0.069999875,0.015308761596679689
-0.068,1.5336229782104494,-0.067999875,0.020307540893554688
-0.066,1.5256180953979495,-0.065999875,0.010309982299804689
-0.064,1.522616264343262,-0.063999875,0.015308761596679689
-0.062,1.5256180953979495,-0.061999875,0.030305099487304688
-0.06,1.5186138229370119,-0.059999875,0.005311203002929688
-0.058,1.5116095504760745,-0.057999875000000006,0.005311203002929688
-0.056,1.5196144332885744,-0.055999875000000005,0.010309982299804689
-0.054,1.512610160827637,-0.053999875,0.015308761596679689
-0.052000000000000005,1.5146113815307618,-0.05199987500000001,0.015308761596679689
-0.05,1.5016034469604493,-0.049999875000000006,0.015308761596679689
-0.048,1.4996022262573243,-0.047999875000000004,0.010309982299804689
-0.046,1.5056058883666994,-0.045999875,0.015308761596679689
-0.044,1.494599174499512,-0.043999875,0.015308761596679689
-0.042,1.490596733093262,-0.041999875000000006,0.015308761596679689
-0.04,1.4895961227416994,-0.039999875000000004,0.020307540893554688
-0.038,1.492597953796387,-0.037999875,0.010309982299804689
-0.036000000000000004,1.4855936813354493,-0.03599987500000001,0.010309982299804689
-0.034,1.480590629577637,-0.033999875000000006,0.005311203002929688
-0.032,1.4845930709838868,-0.031999875000000004,0.015308761596679689
-0.03,1.4665820846557618,-0.029999875,0.010309982299804689
-0.028,1.4385649948120118,-0.027999875,0.005311203002929688
-0.026000000000000002,1.3995411911010744,-0.025999875000000002,0.010309982299804689
-0.024,1.3625186080932619,-0.023999875,-0.0046863555908203125
-0.022,1.4895961227416994,-0.021999875,0.005311203002929688
-0.02,1.4976010055541993,-0.019999875,0.015308761596679689
-0.018000000000000002,1.5036046676635744,-0.017999875000000002,0.015308761596679689
-0.016,1.5146113815307618,-0.015999875,0.020307540893554688
-0.014,1.5096083297729495,-0.013999875,0.020307540893554688
-0.012,1.5256180953979495,-0.011999875,0.005311203002929688
-0.01,1.5376254196166994,-0.009999875,0.02530632019042969
-0.008,1.5296205368041993,-0.007999875,0.0003124237060546875
-0.006,1.5436290817260745,-0.005999875,0.015308761596679689
-0.004,1.5466309127807618,-0.003999875,0.020307540893554688
-0.002,1.558638236999512,-0.001999875,0.02530632019042969
0.0,1.5606394577026368,1.25e-07,0.020307540893554688
0.002,1.568644340515137,0.002000125,0.015308761596679689
0.004,1.5756486129760745,0.004000125,0.010309982299804689
0.006,1.5766492233276368,0.006000125,0.005311203002929688
0.008,1.5816522750854494,0.008000125,0.015308761596679689
0.01,1.5826528854370119,0.010000125,0.010309982299804689
0.012,1.5856547164916994,0.012000125,0.015308761596679689
0.014,1.588656547546387,0.014000125,0.010309982299804689
0.016,1.5876559371948245,0.016000125,0.005311203002929688
0.018000000000000002,1.5916583786010745,0.018000125000000002,0.010309982299804689
0.02,1.5916583786010745,0.020000125,0.010309982299804689
0.022,1.5946602096557618,0.022000125,0.010309982299804689
0.024,1.5946602096557618,0.024000125,0.010309982299804689
0.026000000000000002,1.6056669235229495,0.026000125000000002,0.010309982299804689
0.028,1.5976620407104494,0.028000125,0.005311203002929688
0.03,1.5986626510620119,0.030000125,0.015308761596679689
0.032,1.600663871765137,0.032000125,0.015308761596679689
0.034,1.5986626510620119,0.034000125,0.015308761596679689
0.036000000000000004,1.5986626510620119,0.036000125,0.005311203002929688
0.038,1.6036657028198245,0.038000124999999996,0.010309982299804689
0.04,1.5996632614135744,0.040000125,0.005311203002929688
0.042,1.5926589889526368,0.042000125,0.0003124237060546875
0.044,1.604666313171387,0.044000124999999994,0.010309982299804689
0.046,1.6056669235229495,0.046000124999999996,0.020307540893554688
0.048,1.5976620407104494,0.048000125,0.010309982299804689
0.05,1.606667533874512,0.050000125,0.015308761596679689
0.052000000000000005,1.6036657028198245,0.052000125,0.020307540893554688
0.054,1.6086687545776368,0.054000124999999996,0.015308761596679689
0.056,1.6016644821166994,0.056000125,0.010309982299804689
0.058,1.6016644821166994,0.058000125,0.010309982299804689
0.06,1.6016644821166994,0.060000124999999994,0.005311203002929688
0.062,1.600663871765137,0.062000124999999996,0.005311203002929688
0.064,1.6016644821166994,0.064000125,0.015308761596679689
0.066,1.6086687545776368,0.066000125,0.015308761596679689
0.068,1.6016644821166994,0.06800012500000001,0.005311203002929688
0.07,1.5926589889526368,0.07000012500000001,0.02530632019042969
0.07200000000000001,1.5976620407104494,0.07200012500000001,0.010309982299804689
0.074,1.602665092468262,0.074000125,0.010309982299804689
0.076,1.6056669235229495,0.076000125,0.015308761596679689
0.078,1.5996632614135744,0.078000125,0.010309982299804689
0.08,1.6016644821166994,0.080000125,0.02530632019042969
0.082,1.6016644821166994,0.08200012500000001,0.020307540893554688
0.084,1.5996632614135744,0.08400012500000001,0.0003124237060546875
0.08600000000000001,1.5996632614135744,0.08600012500000001,0.010309982299804689
0.088,1.5966614303588869,0.088000125,0.010309982299804689
0.09,1.5816522750854494,0.090000125,0.005311203002929688
0.092,1.5766492233276368,0.092000125,0.015308761596679689
0.094,1.568644340515137,0.094000125,0.015308761596679689
0.096,1.538626029968262,0.096000125,0.010309982299804689
0.098,1.5166126022338868,0.09800012500000001,0.010309982299804689
0.1,1.4825918502807618,0.10000012500000001,0.005311203002929688
0.10200000000000001,1.4635802536010745,0.10200012500000001,0.010309982299804689
0.10400000000000001,1.4215546188354493,0.10400012500000001,0.020307540893554688
0.106,1.3915363082885743,0.106000125,0.010309982299804689
0.108,1.3565149459838868,0.108000125,0.015308761596679689
0.11,1.320492973327637,0.110000125,0.005311203002929688
0.112,1.2854716110229494,0.112000125,0.015308761596679689
0.114,1.2494496383666993,0.11400012500000001,0.015308761596679689
0.116,1.540627250671387,0.11600012500000001,0.020307540893554688
0.11800000000000001,1.5476315231323243,0.11800012500000001,0.020307540893554688
0.12,1.5556364059448244,0.120000125,0.010309982299804689
0.122,1.5666431198120119,0.122000125,0.010309982299804689
0.124,1.5696449508666994,0.124000125,0.005311203002929688
0.126,1.5776498336791993,0.126000125,0.010309982299804689
0.128,1.5786504440307618,0.128000125,0.010309982299804689
0.13,1.5896571578979495,0.130000125,0.015308761596679689
0.132,1.5936595993041993,0.132000125,0.010309982299804689
0.134,1.5946602096557618,0.134000125,0.010309982299804689
0.136,1.588656547546387,0.136000125,0.010309982299804689
0.138,1.5936595993041993,0.138000125,0.020307540893554688
0.14,1.5986626510620119,0.140000125,0.020307540893554688
0.14200000000000002,1.602665092468262,0.142000125,0.010309982299804689
0.14400000000000002,1.5996632614135744,0.144000125,0.005311203002929688
0.146,1.6056669235229495,0.14600012499999998,0.010309982299804689
0.148,1.602665092468262,0.14800012499999998,0.010309982299804689
0.15,1.6036657028198245,0.15000012499999998,0.010309982299804689
0.152,1.5976620407104494,0.15200012499999999,0.005311203002929688
0.154,1.6056669235229495,0.154000125,0.015308761596679689
0.156,1.6096693649291993,0.156000125,0.015308761596679689
0.158,1.5966614303588869,0.158000125,0.005311203002929688
0.16,1.604666313171387,0.160000125,0.015308761596679689
0.162,1.6016644821166994,0.162000125,0.010309982299804689
0.164,1.5986626510620119,0.164000125,0.005311203002929688
0.166,1.604666313171387,0.166000125,0.020307540893554688
0.168,1.5936595993041993,0.168000125,0.0003124237060546875
0.17,1.5986626510620119,0.170000125,0.020307540893554688
0.17200000000000001,1.5976620407104494,0.172000125,0.015308761596679689
0.17400000000000002,1.6016644821166994,0.174000125,0.010309982299804689
0.176,1.6086687545776368,0.17600012499999998,0.020307540893554688
0.178,1.6016644821166994,0.17800012499999998,0.015308761596679689
0.18,1.5996632614135744,0.18000012499999998,0.005311203002929688
0.182,1.606667533874512,0.18200012499999998,0.015308761596679689
0.184,1.5976620407104494,0.184000125,0.005311203002929688
0.186,1.600663871765137,0.186000125,0.010309982299804689
0.188,1.600663871765137,0.188000125,0.015308761596679689
0.19,1.604666313171387,0.190000125,0.015308761596679689
0.192,1.5976620407104494,0.192000125,0.010309982299804689
0.194,1.5996632614135744,0.194000125,0.015308761596679689
0.196,1.600663871765137,0.196000125,0.015308761596679689
0.198,1.5986626510620119,0.198000125,0.010309982299804689
0.2,1.5956608200073243,0.200000125,0.015308761596679689
0.202,1.604666313171387,0.202000125,0.015308761596679689
0.20400000000000001,1.602665092468262,0.204000125,0.005311203002929688
0.20600000000000002,1.5996632614135744,0.206000125,0.005311203002929688
0.20800000000000002,1.602665092468262,0.208000125,0.010309982299804689
0.21,1.5986626510620119,0.21000012499999998,0.005311203002929688
0.212,1.5976620407104494,0.21200012499999998,0.010309982299804689
0.214,1.5986626510620119,0.21400012499999999,0.010309982299804689
0.216,1.6086687545776368,0.216000125,0.005311203002929688
0.218,1.5956608200073243,0.218000125,0.005311203002929688
0.22,1.6056669235229495,0.220000125,0.020307540893554688
0.222,1.6016644821166994,0.222000125,0.010309982299804689
0.224,1.5986626510620119,0.224000125,0.005311203002929688
0.226,1.604666313171387,0.226000125,0.005311203002929688
0.228,1.6086687545776368,0.228000125,0.015308761596679689
0.23,1.6016644821166994,0.230000125,0.020307540893554688
0.232,1.5996632614135744,0.232000125,0.02530632019042969
0.234,1.6076681442260745,0.234000125,0.020307540893554688
0.23600000000000002,1.6056669235229495,0.236000125,0.010309982299804689
0.23800000000000002,1.6056669235229495,0.238000125,0.015308761596679689
0.24,1.6036657028198245,0.24000012499999998,0.0003124237060546875
0.242,1.6056669235229495,0.24200012499999998,0.015308761596679689
0.244,1.5986626510620119,0.24400012499999998,0.005311203002929688
0.246,1.604666313171387,0.246000125,0.010309982299804689
0.248,1.6056669235229495,0.248000125,0.020307540893554688
0.25,1.600663871765137,0.250000125,0.005311203002929688
0.252,1.6076681442260745,0.252000125,0.015308761596679689
0.254,1.6076681442260745,0.254000125,0.020307540893554688
0.256,1.600663871765137,0.256000125,0.010309982299804689
0.258,1.602665092468262,0.258000125,0.015308761596679689
0.26,1.602665092468262,0.260000125,0.020307540893554688
0.262,1.6036657028198245,0.26200012500000003,0.015308761596679689
0.264,1.5996632614135744,0.26400012500000003,0.010309982299804689
0.266,1.6086687545776368,0.26600012500000003,0.010309982299804689
0.268,1.6056669235229495,0.26800012500000003,0.005311203002929688
0.27,1.6036657028198245,0.27000012500000004,0.015308761596679689
0.272,1.604666313171387,0.27200012500000004,0.020307540893554688
0.274,1.6076681442260745,0.27400012500000004,0.010309982299804689
0.276,1.600663871765137,0.27600012500000004,0.010309982299804689
0.278,1.6016644821166994,0.27800012500000004,0.015308761596679689
0.28,1.6016644821166994,0.28000012500000004,0.020307540893554688
0.28200000000000003,1.606667533874512,0.28200012500000005,0.015308761596679689
0.28400000000000003,1.6076681442260745,0.28400012500000005,0.020307540893554688
0.28600000000000003,1.606667533874512,0.28600012500000005,0.010309982299804689
0.28800000000000003,1.602665092468262,0.28800012500000005,0.010309982299804689
0.29,1.6016644821166994,0.290000125,0.010309982299804689
0.292,1.600663871765137,0.292000125,0.015308761596679689
0.294,1.602665092468262,0.294000125,0.010309982299804689
0.296,1.600663871765137,0.296000125,0.015308761596679689
0.298,1.5916583786010745,0.298000125,0.010309982299804689
0.3,1.5966614303588869,0.300000125,0.010309982299804689
0.302,1.590657768249512,0.302000125,0.005311203002929688
0.304,1.5856547164916994,0.304000125,0.015308761596679689
0.306,1.590657768249512,0.306000125,0.015308761596679689
0.308,1.588656547546387,0.308000125,0.015308761596679689
0.31,1.5876559371948245,0.310000125,0.005311203002929688
0.312,1.5856547164916994,0.312000125,0.020307540893554688
0.314,1.5856547164916994,0.314000125,0.02530632019042969
0.316,1.5756486129760745,0.316000125,0.015308761596679689
0.318,1.5826528854370119,0.318000125,0.010309982299804689
0.32,1.568644340515137,0.320000125,0.015308761596679689
0.322,1.5776498336791993,0.322000125,0.020307540893554688
0.324,1.5716461715698244,0.324000125,0.015308761596679689
0.326,1.5656425094604494,0.32600012500000003,0.005311203002929688
0.328,1.5666431198120119,0.32800012500000003,0.020307540893554688
0.33,1.5576376266479495,0.33000012500000003,0.005311203002929688
0.332,1.556637016296387,0.33200012500000003,0.010309982299804689
0.334,1.5576376266479495,0.33400012500000004,0.015308761596679689
0.336,1.5506333541870119,0.33600012500000004,0.015308761596679689
0.338,1.554635795593262,0.33800012500000004,0.015308761596679689
0.34,1.5506333541870119,0.34000012500000004,0.02530632019042969
0.342,1.5396266403198244,0.34200012500000004,0.005311203002929688
0.34400000000000003,1.5376254196166994,0.34400012500000005,0.02530632019042969
0.34600000000000003,1.5356241989135744,0.34600012500000005,0.015308761596679689
0.34800000000000003,1.5346235885620119,0.34800012500000005,0.020307540893554688
0.35000000000000003,1.528619926452637,0.35000012500000005,0.010309982299804689
0.352,1.5206150436401369,0.352000125,0.010309982299804689
0.354,1.5256180953979495,0.354000125,0.010309982299804689
0.356,1.5196144332885744,0.356000125,0.015308761596679689
0.358,1.5166126022338868,0.358000125,0.005311203002929688
0.36,1.5136107711791993,0.360000125,0.010309982299804689
0.362,1.5096083297729495,0.362000125,0.015308761596679689
0.364,1.5046052780151369,0.364000125,0.020307540893554688
0.366,1.5056058883666994,0.366000125,0.010309982299804689
0.368,1.4996022262573243,0.368000125,0.005311203002929688
0.37,1.5036046676635744,0.370000125,0.020307540893554688
0.372,1.4986016159057618,0.372000125,0.015308761596679689
0.374,1.4915973434448244,0.374000125,0.020307540893554688
0.376,1.4915973434448244,0.376000125,0.020307540893554688
0.378,1.494599174499512,0.378000125,0.015308761596679689
0.38,1.4885955123901369,0.380000125,0.005311203002929688
0.382,1.4795900192260745,0.382000125,0.015308761596679689
0.384,1.4835924606323243,0.384000125,0.015308761596679689
0.386,1.4675826950073243,0.386000125,0.005311203002929688
0.388,1.4475704879760745,0.38800012500000003,0.020307540893554688
0.39,1.402543022155762,0.39000012500000003,0.015308761596679689
0.392,1.3745259323120118,0.39200012500000003,0.015308761596679689
0.394,1.480590629577637,0.39400012500000003,0.020307540893554688
0.396,1.490596733093262,0.39600012500000004,0.020307540893554688
0.398,1.5006028366088868,0.39800012500000004,0.015308761596679689
0.4,1.5116095504760745,0.40000012500000004,0.015308761596679689
0.402,1.5166126022338868,0.40200012500000004,0.015308761596679689
0.404,1.526618705749512,0.40400012500000004,0.010309982299804689
0.406,1.526618705749512,0.40600012500000005,0.0003124237060546875
0.40800000000000003,1.536624809265137,0.40800012500000005,0.015308761596679689
0.41000000000000003,1.540627250671387,0.41000012500000005,0.010309982299804689
0.41200000000000003,1.5416278610229495,0.41200012500000005,0.015308761596679689
0.41400000000000003,1.540627250671387,0.41400012500000005,0.005311203002929688
0.41600000000000004,1.542628471374512,0.41600012500000005,0.015308761596679689
0.418,1.5346235885620119,0.418000125,0.010309982299804689
0.42,1.5216156539916994,0.420000125,0.020307540893554688
0.422,1.5136107711791993,0.422000125,0.0003124237060546875
0.424,1.496600395202637,0.424000125,0.015308761596679689
0.426,1.4935985641479494,0.426000125,0.015308761596679689
0.428,1.460578422546387,0.428000125,0.005311203002929688
0.43,1.4365637741088868,0.430000125,0.030305099487304688
0.432,1.4075460739135743,0.432000125,0.010309982299804689
0.434,1.384532035827637,0.434000125,0.010309982299804689
0.436,1.354513725280762,0.436000125,0.02530632019042969
0.438,1.3244954147338868,0.438000125,0.015308761596679689
0.44,1.3004807662963869,0.440000125,0.020307540893554688
0.442,1.2684612350463869,0.442000125,0.015308761596679689
0.444,1.224434379577637,0.444000125,0.015308761596679689
0.446,1.544629692077637,0.446000125,0.015308761596679689
0.448,1.5486321334838868,0.448000125,0.005311203002929688
0.45,1.5506333541870119,0.45000012500000003,0.010309982299804689
0.452,1.5656425094604494,0.45200012500000003,0.005311203002929688
0.454,1.5646418991088868,0.45400012500000003,0.015308761596679689
0.456,1.5666431198120119,0.45600012500000003,0.010309982299804689
0.458,1.5776498336791993,0.45800012500000004,0.015308761596679689
0.46,1.5896571578979495,0.46000012500000004,0.005311203002929688
0.462,1.5876559371948245,0.46200012500000004,0.020307540893554688
0.464,1.5916583786010745,0.46400012500000004,0.010309982299804689
0.466,1.5896571578979495,0.46600012500000004,0.010309982299804689
0.468,1.5966614303588869,0.46800012500000004,0.015308761596679689
0.47000000000000003,1.5956608200073243,0.47000012500000005,0.015308761596679689
0.47200000000000003,1.5946602096557618,0.47200012500000005,0.005311203002929688
0.47400000000000003,1.600663871765137,0.47400012500000005,0.010309982299804689
0.47600000000000003,1.5976620407104494,0.47600012500000005,0.010309982299804689
0.47800000000000004,1.5996632614135744,0.47800012500000005,0.015308761596679689
0.48,1.5976620407104494,0.480000125,0.015308761596679689
0.482,1.5956608200073243,0.482000125,0.015308761596679689
0.484,1.6036657028198245,0.484000125,0.015308761596679689
0.486,1.602665092468262,0.486000125,0.020307540893554688
0.488,1.6036657028198245,0.488000125,0.02530632019042969
0.49,1.606667533874512,0.490000125,0.010309982299804689
0.492,1.6036657028198245,0.492000125,0.005311203002929688
0.494,1.5986626510620119,0.494000125,0.020307540893554688
0.496,1.6016644821166994,0.496000125,0.010309982299804689
0.498,1.602665092468262,0.498000125,0.015308761596679689
0.5,1.5976620407104494,0.500000125,0.010309982299804689
0.502,1.5976620407104494,0.502000125,0.010309982299804689
0.504,1.600663871765137,0.504000125,0.005311203002929688
0.506,1.6076681442260745,0.506000125,0.005311203002929688
0.508,1.6036657028198245,0.508000125,0.010309982299804689
0.51,1.6016644821166994,0.510000125,0.010309982299804689
0.512,1.6036657028198245,0.512000125,0.010309982299804689
0.514,1.6016644821166994,0.514000125,0.015308761596679689
0.516,1.600663871765137,0.516000125,0.010309982299804689
0.518,1.5996632614135744,0.518000125,0.010309982299804689
0.52,1.604666313171387,0.520000125,0.015308761596679689
0.522,1.600663871765137,0.522000125,0.005311203002929688
0.524,1.602665092468262,0.524000125,0.010309982299804689
0.526,1.602665092468262,0.526000125,0.015308761596679689
0.528,1.6016644821166994,0.528000125,0.015308761596679689
0.53,1.5986626510620119,0.530000125,0.010309982299804689
0.532,1.5986626510620119,0.532000125,0.010309982299804689
0.534,1.6036657028198245,0.534000125,0.010309982299804689
0.536,1.606667533874512,0.536000125,0.015308761596679689
0.538,1.600663871765137,0.538000125,0.010309982299804689
0.54,1.6056669235229495,0.540000125,0.005311203002929688
0.542,1.606667533874512,0.542000125,0.010309982299804689
0.544,1.604666313171387,0.5440001250000001,0.015308761596679689
0.546,1.6036657028198245,0.5460001250000001,0.015308761596679689
0.548,1.5986626510620119,0.5480001250000001,0.0003124237060546875
0.55,1.6016644821166994,0.5500001250000001,0.005311203002929688
0.552,1.6016644821166994,0.5520001250000001,0.005311203002929688
0.554,1.600663871765137,0.5540001250000001,0.010309982299804689
0.556,1.5986626510620119,0.5560001250000001,0.005311203002929688
0.558,1.602665092468262,0.5580001250000001,0.005311203002929688
0.56,1.6036657028198245,0.5600001250000001,0.005311203002929688
0.562,1.600663871765137,0.5620001250000001,0.020307540893554688
0.5640000000000001,1.6036657028198245,0.5640001250000001,0.015308761596679689
0.5660000000000001,1.6076681442260745,0.5660001250000001,0.015308761596679689
0.5680000000000001,1.6086687545776368,0.5680001250000001,0.010309982299804689
0.5700000000000001,1.604666313171387,0.5700001250000001,0.010309982299804689
0.5720000000000001,1.6086687545776368,0.5720001250000001,0.005311203002929688
0.5740000000000001,1.5966614303588869,0.5740001250000001,0.0003124237060546875
0.5760000000000001,1.606667533874512,0.5760001250000001,0.015308761596679689
0.578,1.602665092468262,0.578000125,0.010309982299804689
0.58,1.602665092468262,0.580000125,0.005311203002929688
0.582,1.600663871765137,0.582000125,0.005311203002929688
0.584,1.602665092468262,0.584000125,0.015308761596679689
0.586,1.606667533874512,0.586000125,0.015308761596679689
0.588,1.604666313171387,0.588000125,0.020307540893554688
0.59,1.602665092468262,0.590000125,0.020307540893554688
0.592,1.604666313171387,0.592000125,0.020307540893554688
0.594,1.600663871765137,0.594000125,0.0003124237060546875
0.596,1.606667533874512,0.596000125,0.020307540893554688
0.598,1.6056669235229495,0.598000125,0.020307540893554688
0.6,1.5996632614135744,0.600000125,0.015308761596679689
0.602,1.6036657028198245,0.602000125,0.02530632019042969
0.604,1.606667533874512,0.604000125,0.02530632019042969
0.606,1.6016644821166994,0.606000125,0.015308761596679689
0.608,1.6056669235229495,0.608000125,0.015308761596679689
0.61,1.6056669235229495,0.610000125,0.020307540893554688
0.612,1.5996632614135744,0.612000125,0.020307540893554688
0.614,1.600663871765137,0.614000125,0.010309982299804689
0.616,1.6096693649291993,0.616000125,0.015308761596679689
0.618,1.6076681442260745,0.618000125,0.005311203002929688
0.62,1.5996632614135744,0.620000125,0.005311203002929688
0.622,1.602665092468262,0.622000125,0.020307540893554688
0.624,1.6086687545776368,0.624000125,0.015308761596679689
0.626,1.6036657028198245,0.626000125,0.005311203002929688
0.628,1.5996632614135744,0.628000125,0.015308761596679689
0.63,1.5996632614135744,0.630000125,0.010309982299804689
0.632,1.602665092468262,0.632000125,0.010309982299804689
0.634,1.5946602096557618,0.634000125,0.0003124237060546875
0.636,1.600663871765137,0.636000125,0.015308761596679689
0.638,1.604666313171387,0.638000125,0.015308761596679689
0.64,1.5996632614135744,0.640000125,0.005311203002929688
0.642,1.604666313171387,0.642000125,0.010309982299804689
0.644,1.604666313171387,0.644000125,0.020307540893554688
0.646,1.6016644821166994,0.646000125,0.005311203002929688
0.648,1.6036657028198245,0.648000125,0.010309982299804689
0.65,1.600663871765137,0.650000125,0.010309982299804689
0.652,1.6036657028198245,0.652000125,0.020307540893554688
0.654,1.602665092468262,0.654000125,0.015308761596679689
0.656,1.600663871765137,0.656000125,0.015308761596679689
0.658,1.602665092468262,0.658000125,0.005311203002929688
0.66,1.600663871765137,0.660000125,0.010309982299804689
0.662,1.600663871765137,0.662000125,0.010309982299804689
0.664,1.602665092468262,0.664000125,0.005311203002929688
0.666,1.6056669235229495,0.666000125,0.015308761596679689
0.668,1.6056669235229495,0.6680001250000001,0.005311203002929688
0.67,1.600663871765137,0.6700001250000001,0.010309982299804689
0.672,1.5976620407104494,0.6720001250000001,0.015308761596679689
0.674,1.6086687545776368,0.6740001250000001,0.015308761596679689
0.676,1.6056669235229495,0.6760001250000001,0.015308761596679689
0.678,1.600663871765137,0.6780001250000001,0.010309982299804689
0.68,1.600663871765137,0.6800001250000001,0.010309982299804689
0.682,1.6036657028198245,0.6820001250000001,0.015308761596679689
0.684,1.6016644821166994,0.6840001250000001,0.005311203002929688
0.686,1.6036657028198245,0.6860001250000001,0.010309982299804689
0.6880000000000001,1.5986626510620119,0.6880001250000001,0.015308761596679689
0.6900000000000001,1.5986626510620119,0.6900001250000001,0.0003124237060546875
0.6920000000000001,1.6036657028198245,0.6920001250000001,0.010309982299804689
0.6940000000000001,1.602665092468262,0.6940001250000001,0.005311203002929688
0.6960000000000001,1.6086687545776368,0.6960001250000001,0.015308761596679689
0.6980000000000001,1.6036657028198245,0.6980001250000001,0.010309982299804689
0.7000000000000001,1.5996632614135744,0.7000001250000001,0.015308761596679689
0.7020000000000001,1.6056669235229495,0.7020001250000001,0.015308761596679689
0.704,1.6016644821166994,0.704000125,0.015308761596679689
0.706,1.6016644821166994,0.706000125,0.020307540893554688
0.708,1.6036657028198245,0.708000125,0.020307540893554688
0.71,1.6036657028198245,0.710000125,0.010309982299804689
0.712,1.5986626510620119,0.712000125,0.010309982299804689
0.714,1.600663871765137,0.714000125,0.015308761596679689
0.716,1.6056669235229495,0.716000125,0.010309982299804689
0.718,1.5946602096557618,0.718000125,0.010309982299804689
0.72,1.5946602096557618,0.720000125,0.015308761596679689
0.722,1.5946602096557618,0.722000125,0.015308761596679689
0.724,1.590657768249512,0.724000125,0.010309982299804689
0.726,1.5986626510620119,0.726000125,0.020307540893554688
0.728,1.5936595993041993,0.728000125,0.005311203002929688
0.73,1.5826528854370119,0.730000125,0.010309982299804689
0.732,1.586655326843262,0.732000125,0.005311203002929688
0.734,1.5826528854370119,0.734000125,0.010309982299804689
0.736,1.5806516647338869,0.736000125,0.010309982299804689
0.738,1.5776498336791993,0.738000125,0.015308761596679689
0.74,1.5786504440307618,0.740000125,0.010309982299804689
0.742,1.5736473922729495,0.742000125,0.005311203002929688
0.744,1.568644340515137,0.744000125,0.005311203002929688
0.746,1.5666431198120119,0.746000125,0.0003124237060546875
0.748,1.5596388473510745,0.748000125,0.010309982299804689
0.75,1.5666431198120119,0.750000125,0.015308761596679689
0.752,1.5626406784057618,0.752000125,0.010309982299804689
0.754,1.5466309127807618,0.754000125,0.010309982299804689
0.756,1.5476315231323243,0.756000125,0.020307540893554688
0.758,1.5506333541870119,0.758000125,0.010309982299804689
0.76,1.5516339645385744,0.760000125,0.015308761596679689
0.762,1.542628471374512,0.762000125,0.015308761596679689
0.764,1.540627250671387,0.764000125,0.0003124237060546875
0.766,1.5436290817260745,0.766000125,0.020307540893554688
0.768,1.5436290817260745,0.768000125,0.010309982299804689
0.77,1.544629692077637,0.770000125,0.005311203002929688
0.772,1.5466309127807618,0.772000125,0.005311203002929688
0.774,1.552634574890137,0.774000125,0.015308761596679689
0.776,1.5606394577026368,0.776000125,0.015308761596679689
0.778,1.5636412887573243,0.778000125,0.015308761596679689
0.78,1.5656425094604494,0.780000125,0.020307540893554688
0.782,1.5676437301635744,0.782000125,0.020307540893554688
0.784,1.5696449508666994,0.784000125,0.015308761596679689
0.786,1.5766492233276368,0.786000125,0.015308761596679689
0.788,1.5806516647338869,0.788000125,0.010309982299804689
0.79,1.586655326843262,0.790000125,0.010309982299804689
0.792,1.5876559371948245,0.792000125,0.005311203002929688
0.794,1.5946602096557618,0.7940001250000001,0.010309982299804689
0.796,1.6036657028198245,0.7960001250000001,0.015308761596679689
0.798,1.5926589889526368,0.7980001250000001,0.005311203002929688
0.8,1.5966614303588869,0.8000001250000001,0.015308761596679689
0.802,1.604666313171387,0.8020001250000001,0.010309982299804689
0.804,1.5996632614135744,0.8040001250000001,0.015308761596679689
0.806,1.5966614303588869,0.8060001250000001,0.020307540893554688
0.808,1.602665092468262,0.8080001250000001,0.015308761596679689
0.81,1.5986626510620119,0.8100001250000001,0.010309982299804689
0.812,1.6056669235229495,0.8120001250000001,0.005311203002929688
0.8140000000000001,1.6016644821166994,0.8140001250000001,0.010309982299804689
0.8160000000000001,1.5986626510620119,0.8160001250000001,0.015308761596679689
0.8180000000000001,1.6056669235229495,0.8180001250000001,0.015308761596679689
0.8200000000000001,1.602665092468262,0.8200001250000001,-0.0046863555908203125
0.8220000000000001,1.6016644821166994,0.8220001250000001,0.005311203002929688
0.8240000000000001,1.602665092468262,0.8240001250000001,0.010309982299804689
0.8260000000000001,1.5996632614135744,0.8260001250000001,0.015308761596679689
0.8280000000000001,1.5986626510620119,0.8280001250000001,0.010309982299804689
0.8300000000000001,1.600663871765137,0.8300001250000001,0.015308761596679689
0.8320000000000001,1.600663871765137,0.8320001250000001,0.010309982299804689
0.834,1.5986626510620119,0.834000125,0.020307540893554688
0.836,1.6016644821166994,0.836000125,0.0003124237060546875
0.838,1.602665092468262,0.838000125,0.015308761596679689
0.84,1.5956608200073243,0.840000125,0.005311203002929688
0.842,1.5996632614135744,0.842000125,0.005311203002929688
0.844,1.5966614303588869,0.844000125,0.005311203002929688
0.846,1.5976620407104494,0.846000125,0.0003124237060546875
0.848,1.602665092468262,0.848000125,0.010309982299804689
0.85,1.5976620407104494,0.850000125,0.015308761596679689
0.852,1.6056669235229495,0.852000125,0.015308761596679689
0.854,1.5926589889526368,0.854000125,0.0003124237060546875
0.856,1.6016644821166994,0.856000125,0.005311203002929688
0.858,1.5956608200073243,0.858000125,0.015308761596679689
0.86,1.6016644821166994,0.860000125,0.015308761596679689
0.862,1.604666313171387,0.862000125,0.020307540893554688
0.864,1.5956608200073243,0.864000125,0.015308761596679689
0.866,1.606667533874512,0.866000125,0.010309982299804689
0.868,1.5956608200073243,0.868000125,0.015308761596679689
0.87,1.600663871765137,0.870000125,0.020307540893554688
0.872,1.602665092468262,0.872000125,0.010309982299804689
0.874,1.5996632614135744,0.874000125,0.010309982299804689
0.876,1.6016644821166994,0.876000125,0.020307540893554688
0.878,1.5996632614135744,0.878000125,0.02530632019042969
0.88,1.6096693649291993,0.880000125,0.010309982299804689
0.882,1.5976620407104494,0.882000125,0.010309982299804689
0.884,1.604666313171387,0.884000125,0.005311203002929688
0.886,1.5996632614135744,0.886000125,0.010309982299804689
0.888,1.6036657028198245,0.888000125,0.015308761596679689
0.89,1.5976620407104494,0.890000125,0.0003124237060546875
0.892,1.606667533874512,0.892000125,0.015308761596679689
0.894,1.6036657028198245,0.894000125,0.010309982299804689
0.896,1.6016644821166994,0.896000125,0.015308761596679689
0.898,1.604666313171387,0.898000125,0.010309982299804689
0.9,1.606667533874512,0.900000125,0.015308761596679689
0.902,1.5976620407104494,0.902000125,0.010309982299804689
0.904,1.6056669235229495,0.904000125,0.030305099487304688
0.906,1.600663871765137,0.906000125,0.020307540893554688
0.908,1.604666313171387,0.908000125,0.010309982299804689
0.91,1.6016644821166994,0.910000125,0.005311203002929688
0.912,1.602665092468262,0.912000125,0.010309982299804689
0.914,1.5986626510620119,0.914000125,0.010309982299804689
0.916,1.6036657028198245,0.916000125,0.010309982299804689
0.918,1.5996632614135744,0.9180001250000001,0.010309982299804689
0.92,1.5936595993041993,0.9200001250000001,0.005311203002929688
0.922,1.5996632614135744,0.9220001250000001,0.005311203002929688
0.924,1.600663871765137,0.9240001250000001,0.0003124237060546875
0.926,1.602665092468262,0.9260001250000001,0.020307540893554688
0.928,1.6036657028198245,0.9280001250000001,0.015308761596679689
0.93,1.604666313171387,0.9300001250000001,0.020307540893554688
0.932,1.6016644821166994,0.9320001250000001,0.010309982299804689
0.934,1.602665092468262,0.9340001250000001,0.010309982299804689
0.936,1.5986626510620119,0.9360001250000001,0.010309982299804689
0.9380000000000001,1.6016644821166994,0.9380001250000001,0.010309982299804689
0.9400000000000001,1.6086687545776368,0.9400001250000001,0.010309982299804689
0.9420000000000001,1.5996632614135744,0.9420001250000001,0.015308761596679689
0.9440000000000001,1.6076681442260745,0.9440001250000001,0.010309982299804689
0.9460000000000001,1.6136718063354494,0.9460001250000001,0.015308761596679689
0.9480000000000001,1.6016644821166994,0.9480001250000001,0.0003124237060546875
0.9500000000000001,1.6016644821166994,0.9500001250000001,0.020307540893554688
0.9520000000000001,1.6116705856323243,0.9520001250000001,0.020307540893554688
0.9540000000000001,1.5976620407104494,0.9540001250000001,0.010309982299804689
0.9560000000000001,1.5986626510620119,0.9560001250000001,0.010309982299804689
0.9580000000000001,1.600663871765137,0.9580001250000001,0.005311203002929688
0.96,1.604666313171387,0.960000125,0.015308761596679689
0.962,1.606667533874512,0.962000125,0.015308761596679689
0.964,1.6106699752807618,0.964000125,0.015308761596679689
0.966,1.5986626510620119,0.966000125,0.020307540893554688
0.968,1.6056669235229495,0.968000125,0.020307540893554688
0.97,1.6036657028198245,0.970000125,0.020307540893554688
0.972,1.5936595993041993,0.972000125,0.010309982299804689
0.974,1.6016644821166994,0.974000125,0.005311203002929688
0.976,1.5986626510620119,0.976000125,0.010309982299804689
0.978,1.6056669235229495,0.978000125,0.015308761596679689
0.98,1.6076681442260745,0.980000125,0.015308761596679689
0.982,1.602665092468262,0.982000125,0.005311203002929688
0.984,1.602665092468262,0.984000125,0.010309982299804689
0.986,1.6086687545776368,0.986000125,0.010309982299804689
0.988,1.6036657028198245,0.988000125,0.015308761596679689
0.99,1.6096693649291993,0.990000125,0.010309982299804689
0.992,1.5956608200073243,0.992000125,0.015308761596679689
0.994,1.5996632614135744,0.994000125,0.010309982299804689
0.996,1.6016644821166994,0.996000125,0.010309982299804689
0.998,1.604666313171387,0.998000125,0.010309982299804689
1.0,1.600663871765137,1.000000125,0.010309982299804689
1.002,1.5996632614135744,1.002000125,0.010309982299804689
1.004,1.602665092468262,1.004000125,0.015308761596679689
1.006,1.6076681442260745,1.006000125,0.010309982299804689
1.008,1.6036657028198245,1.008000125,0.010309982299804689
1.01,1.6076681442260745,1.010000125,0.015308761596679689
1.012,1.6036657028198245,1.012000125,0.015308761596679689
1.014,1.6016644821166994,1.014000125,0.005311203002929688
1.016,1.5966614303588869,1.016000125,0.010309982299804689
1.018,1.5986626510620119,1.018000125,0.005311203002929688
1.02,1.602665092468262,1.020000125,0.005311203002929688
1.022,1.5996632614135744,1.022000125,0.015308761596679689
1.024,1.5936595993041993,1.024000125,0.005311203002929688
1.026,1.5936595993041993,1.026000125,0.020307540893554688
1.028,1.5946602096557618,1.028000125,0.0003124237060546875
1.03,1.602665092468262,1.030000125,0.010309982299804689
1.032,1.5936595993041993,1.032000125,0.010309982299804689
1.034,1.5986626510620119,1.034000125,0.015308761596679689
1.036,1.5956608200073243,1.036000125,0.005311203002929688
1.038,1.5936595993041993,1.038000125,0.020307540893554688
1.04,1.5966614303588869,1.040000125,0.020307540893554688
1.042,1.5936595993041993,1.042000125,0.005311203002929688
1.044,1.5976620407104494,1.044000125,0.005311203002929688
1.046,1.5916583786010745,1.046000125,0.005311203002929688
1.048,1.5836534957885744,1.048000125,0.015308761596679689
1.05,1.5816522750854494,1.050000125,0.010309982299804689
1.052,1.5856547164916994,1.052000125,0.015308761596679689
1.054,1.5896571578979495,1.054000125,0.020307540893554688
1.056,1.5796510543823243,1.056000125,0.015308761596679689
1.058,1.5776498336791993,1.058000125,0.005311203002929688
1.06,1.570645561218262,1.060000125,0.010309982299804689
1.062,1.574648002624512,1.062000125,0.02530632019042969
1.064,1.570645561218262,1.064000125,0.015308761596679689
1.066,1.5656425094604494,1.066000125,0.005311203002929688
1.068,1.558638236999512,1.068000125,0.015308761596679689
1.07,1.556637016296387,1.070000125,0.015308761596679689
1.072,1.5606394577026368,1.072000125,0.015308761596679689
1.074,1.5556364059448244,1.074000125,0.005311203002929688
1.076,1.5486321334838868,1.076000125,0.020307540893554688
1.078,1.540627250671387,1.078000125,0.015308761596679689
1.08,1.5476315231323243,1.080000125,0.015308761596679689
1.082,1.5476315231323243,1.082000125,0.015308761596679689
1.084,1.5336229782104494,1.084000125,0.0003124237060546875
1.086,1.5336229782104494,1.086000125,0.015308761596679689
1.088,1.526618705749512,1.088000125,0.010309982299804689
1.09,1.5256180953979495,1.090000125,0.015308761596679689
1.092,1.522616264343262,1.092000125,0.015308761596679689
1.094,1.5186138229370119,1.094000125,0.010309982299804689
1.096,1.5236168746948244,1.096000125,0.02530632019042969
1.098,1.5156119918823243,1.098000125,0.015308761596679689
1.1,1.5076071090698244,1.100000125,0.010309982299804689
1.102,1.5146113815307618,1.102000125,0.010309982299804689
1.104,1.5056058883666994,1.104000125,0.010309982299804689
1.106,1.5036046676635744,1.106000125,0.015308761596679689
1.108,1.506606498718262,1.108000125,0.020307540893554688
1.11,1.494599174499512,1.110000125,0.010309982299804689
1.112,1.4895961227416994,1.112000125,0.015308761596679689
1.114,1.496600395202637,1.114000125,0.010309982299804689
1.116,1.4845930709838868,1.116000125,0.005311203002929688
1.118,1.492597953796387,1.118000125,0.015308761596679689
1.12,1.4855936813354493,1.120000125,0.015308761596679689
1.122,1.490596733093262,1.122000125,0.005311203002929688
1.124,1.4775887985229494,1.124000125,0.015308761596679689
1.1260000000000001,1.460578422546387,1.126000125,0.015308761596679689
1.1280000000000001,1.430560111999512,1.128000125,0.02530632019042969
1.1300000000000001,1.3905356979370118,1.130000125,0.02530632019042969
1.1320000000000001,1.370523490905762,1.132000125,0.015308761596679689
1.1340000000000001,1.3785283737182619,1.134000125,0.02530632019042969
1.1360000000000001,1.4015424118041995,1.136000125,0.015308761596679689
1.1380000000000001,1.4295595016479494,1.138000125,0.010309982299804689
1.1400000000000001,1.4755875778198244,1.140000125,0.010309982299804689
1.1420000000000001,1.4825918502807618,1.142000125,0.010309982299804689
1.1440000000000001,1.4875949020385744,1.144000125,0.015308761596679689
1.1460000000000001,1.4845930709838868,1.146000125,0.015308761596679689
1.1480000000000001,1.494599174499512,1.148000125,0.005311203002929688
1.1500000000000001,1.5036046676635744,1.150000125,0.010309982299804689
1.1520000000000001,1.5136107711791993,1.152000125,0.010309982299804689
1.154,1.510608940124512,1.1540001249999998,0.005311203002929688
1.156,1.5176132125854493,1.1560001249999998,0.0003124237060546875
1.158,1.5296205368041993,1.1580001249999998,0.010309982299804689
1.16,1.5356241989135744,1.1600001249999998,0.010309982299804689
1.162,1.5396266403198244,1.1620001249999998,0.010309982299804689
1.164,1.5476315231323243,1.1640001249999998,0.010309982299804689
1.166,1.552634574890137,1.1660001249999998,0.015308761596679689
1.168,1.544629692077637,1.1680001249999998,0.015308761596679689
1.17,1.5516339645385744,1.1700001249999998,0.015308761596679689
1.172,1.5556364059448244,1.1720001249999998,0.005311203002929688
1.174,1.552634574890137,1.1740001249999998,0.010309982299804689
1.176,1.5556364059448244,1.1760001249999998,0.020307540893554688
1.178,1.552634574890137,1.1780001249999998,0.010309982299804689
1.18,1.5536351852416994,1.1800001249999998,0.015308761596679689
1.182,1.5616400680541993,1.1820001249999998,0.015308761596679689
1.184,1.544629692077637,1.1840001249999998,0.010309982299804689
1.186,1.5486321334838868,1.1860001249999998,0.015308761596679689
1.188,1.552634574890137,1.1880001249999999,0.0003124237060546875
1.19,1.544629692077637,1.1900001249999999,0.010309982299804689
1.192,1.544629692077637,1.1920001249999999,0.020307540893554688
1.194,1.5466309127807618,1.1940001249999999,0.010309982299804689
1.196,1.542628471374512,1.1960001249999999,0.015308761596679689
1.198,1.5486321334838868,1.1980001249999999,0.010309982299804689
1.2,1.544629692077637,1.2000001249999999,0.010309982299804689
1.202,1.552634574890137,1.2020001249999999,0.0003124237060546875
1.204,1.554635795593262,1.2040001249999999,0.015308761596679689
1.206,1.5616400680541993,1.2060001249999999,0.010309982299804689
1.208,1.5696449508666994,1.2080001249999999,0.010309982299804689
1.21,1.5656425094604494,1.2100001249999999,0.010309982299804689
1.212,1.574648002624512,1.2120001249999999,0.015308761596679689
1.214,1.5806516647338869,1.2140001249999999,0.010309982299804689
1.216,1.586655326843262,1.2160001249999999,0.015308761596679689
1.218,1.5856547164916994,1.2180001249999999,0.010309982299804689
1.22,1.5856547164916994,1.2200001249999999,0.005311203002929688
1.222,1.588656547546387,1.2220001249999999,0.005311203002929688
1.224,1.5946602096557618,1.2240001249999999,0.010309982299804689
1.226,1.5946602096557618,1.2260001249999999,0.015308761596679689
1.228,1.588656547546387,1.2280001249999999,0.010309982299804689
1.23,1.5986626510620119,1.2300001249999999,0.015308761596679689
1.232,1.600663871765137,1.232000125,0.015308761596679689
1.234,1.602665092468262,1.234000125,0.005311203002929688
1.236,1.6016644821166994,1.236000125,0.005311203002929688
1.238,1.600663871765137,1.238000125,0.010309982299804689
1.24,1.6036657028198245,1.240000125,0.010309982299804689
1.242,1.5996632614135744,1.242000125,0.015308761596679689
1.244,1.600663871765137,1.244000125,0.010309982299804689
1.246,1.6056669235229495,1.246000125,0.020307540893554688
1.248,1.6036657028198245,1.248000125,0.010309982299804689
1.25,1.6036657028198245,1.250000125,0.015308761596679689
1.252,1.5976620407104494,1.252000125,0.010309982299804689
1.254,1.6016644821166994,1.254000125,0.010309982299804689
1.256,1.602665092468262,1.256000125,0.015308761596679689
1.258,1.5996632614135744,1.258000125,0.0003124237060546875
1.26,1.6016644821166994,1.260000125,0.015308761596679689
1.262,1.6056669235229495,1.262000125,0.020307540893554688
1.264,1.5996632614135744,1.264000125,0.015308761596679689
1.266,1.5976620407104494,1.266000125,0.010309982299804689
1.268,1.604666313171387,1.268000125,0.010309982299804689
1.27,1.5986626510620119,1.270000125,0.0003124237060546875
1.272,1.6056669235229495,1.272000125,0.015308761596679689
1.274,1.6096693649291993,1.274000125,0.015308761596679689
1.276,1.5996632614135744,1.276000125,0.010309982299804689
1.278,1.6036657028198245,1.278000125,0.010309982299804689
1.28,1.606667533874512,1.280000125,0.020307540893554688
1.282,1.5976620407104494,1.282000125,0.010309982299804689
1.284,1.5996632614135744,1.284000125,0.015308761596679689
1.286,1.602665092468262,1.286000125,0.015308761596679689
1.288,1.5986626510620119,1.288000125,0.0003124237060546875
1.29,1.5996632614135744,1.290000125,0.005311203002929688
1.292,1.600663871765137,1.292000125,0.015308761596679689
1.294,1.5956608200073243,1.294000125,0.015308761596679689
1.296,1.5996632614135744,1.296000125,0.015308761596679689
1.298,1.6036657028198245,1.298000125,0.015308761596679689
1.3,1.602665092468262,1.300000125,0.015308761596679689
1.302,1.606667533874512,1.302000125,0.015308761596679689
1.304,1.5996632614135744,1.304000125,0.015308761596679689
1.306,1.602665092468262,1.306000125,0.015308761596679689
1.308,1.602665092468262,1.308000125,0.010309982299804689
1.31,1.5976620407104494,1.310000125,0.0003124237060546875
1.312,1.602665092468262,1.312000125,0.010309982299804689
1.314,1.600663871765137,1.314000125,0.015308761596679689
1.316,1.5986626510620119,1.316000125,0.005311203002929688
1.318,1.606667533874512,1.318000125,0.010309982299804689
1.32,1.5996632614135744,1.320000125,0.020307540893554688
1.322,1.6016644821166994,1.322000125,0.020307540893554688
1.324,1.5986626510620119,1.324000125,0.005311203002929688
1.326,1.6016644821166994,1.326000125,0.0003124237060546875
1.328,1.5946602096557618,1.328000125,0.020307540893554688
1.33,1.600663871765137,1.330000125,0.015308761596679689
1.332,1.6076681442260745,1.332000125,0.015308761596679689
1.334,1.6036657028198245,1.334000125,0.015308761596679689
1.336,1.6156730270385744,1.336000125,0.02530632019042969
1.338,1.600663871765137,1.338000125,0.020307540893554688
1.34,1.600663871765137,1.340000125,0.02530632019042969
1.342,1.5966614303588869,1.342000125,0.010309982299804689
1.344,1.604666313171387,1.344000125,0.010309982299804689
1.346,1.600663871765137,1.346000125,0.010309982299804689
1.348,1.5976620407104494,1.348000125,0.015308761596679689
1.35,1.6076681442260745,1.350000125,0.010309982299804689
1.352,1.6086687545776368,1.352000125,0.010309982299804689
1.354,1.604666313171387,1.354000125,0.010309982299804689
1.356,1.600663871765137,1.356000125,0.020307540893554688
1.358,1.600663871765137,1.358000125,0.015308761596679689
1.36,1.606667533874512,1.360000125,0.015308761596679689
1.362,1.6056669235229495,1.362000125,0.020307540893554688
1.364,1.602665092468262,1.364000125,0.02530632019042969
1.366,1.6036657028198245,1.366000125,0.015308761596679689
1.368,1.606667533874512,1.368000125,0.015308761596679689
1.37,1.5996632614135744,1.370000125,0.015308761596679689
1.372,1.5966614303588869,1.372000125,0.015308761596679689
1.374,1.602665092468262,1.374000125,0.015308761596679689
1.3760000000000001,1.5966614303588869,1.376000125,0.010309982299804689
1.3780000000000001,1.602665092468262,1.378000125,0.015308761596679689
1.3800000000000001,1.6016644821166994,1.380000125,0.020307540893554688
1.3820000000000001,1.6076681442260745,1.382000125,0.015308761596679689
1.3840000000000001,1.5976620407104494,1.384000125,0.015308761596679689
1.3860000000000001,1.604666313171387,1.386000125,0.015308761596679689
1.3880000000000001,1.5956608200073243,1.388000125,0.015308761596679689
1.3900000000000001,1.604666313171387,1.390000125,0.015308761596679689
1.3920000000000001,1.6036657028198245,1.392000125,0.015308761596679689
1.3940000000000001,1.600663871765137,1.394000125,0.015308761596679689
1.3960000000000001,1.604666313171387,1.396000125,0.015308761596679689
1.3980000000000001,1.604666313171387,1.398000125,0.020307540893554688
1.4000000000000001,1.6036657028198245,1.400000125,0.020307540893554688
1.4020000000000001,1.5956608200073243,1.402000125,0.010309982299804689
1.4040000000000001,1.5986626510620119,1.404000125,0.015308761596679689
1.4060000000000001,1.600663871765137,1.406000125,0.020307540893554688
1.408,1.590657768249512,1.4080001249999998,0.010309982299804689
1.41,1.588656547546387,1.4100001249999998,0.015308761596679689
1.412,1.5956608200073243,1.4120001249999998,0.015308761596679689
1.414,1.5986626510620119,1.4140001249999998,0.02530632019042969
1.416,1.5856547164916994,1.4160001249999998,0.020307540893554688
1.418,1.586655326843262,1.4180001249999998,0.015308761596679689
1.42,1.5816522750854494,1.4200001249999998,0.015308761596679689
1.422,1.5826528854370119,1.4220001249999998,0.005311203002929688
1.424,1.5836534957885744,1.4240001249999998,0.015308761596679689
1.426,1.572646781921387,1.4260001249999998,0.010309982299804689
1.428,1.5826528854370119,1.4280001249999998,0.020307540893554688
1.43,1.5796510543823243,1.4300001249999998,0.010309982299804689
1.432,1.572646781921387,1.4320001249999998,0.020307540893554688
1.434,1.574648002624512,1.4340001249999998,0.015308761596679689
1.436,1.5656425094604494,1.4360001249999998,0.010309982299804689
1.438,1.5676437301635744,1.4380001249999999,0.010309982299804689
1.44,1.5616400680541993,1.4400001249999999,0.020307540893554688
1.442,1.5616400680541993,1.4420001249999999,0.015308761596679689
1.444,1.5536351852416994,1.4440001249999999,0.015308761596679689
1.446,1.5596388473510745,1.4460001249999999,0.020307540893554688
1.448,1.5496327438354494,1.4480001249999999,0.020307540893554688
1.45,1.5466309127807618,1.4500001249999999,0.015308761596679689
1.452,1.5476315231323243,1.4520001249999999,0.015308761596679689
1.454,1.5456303024291993,1.4540001249999999,0.015308761596679689
1.456,1.536624809265137,1.4560001249999999,0.010309982299804689
1.458,1.5296205368041993,1.4580001249999999,0.02530632019042969
1.46,1.5346235885620119,1.4600001249999999,0.020307540893554688
1.462,1.5276193161010745,1.4620001249999999,0.02530632019042969
1.464,1.522616264343262,1.4640001249999999,0.015308761596679689
1.466,1.5186138229370119,1.4660001249999999,0.010309982299804689
1.468,1.522616264343262,1.4680001249999999,0.020307540893554688
1.47,1.5166126022338868,1.4700001249999999,0.020307540893554688
1.472,1.5236168746948244,1.4720001249999999,0.020307540893554688
1.474,1.522616264343262,1.4740001249999999,0.020307540893554688
1.476,1.5186138229370119,1.4760001249999999,0.005311203002929688
1.478,1.5216156539916994,1.4780001249999999,0.020307540893554688
1.48,1.5326223678588868,1.4800001249999999,0.010309982299804689
1.482,1.536624809265137,1.482000125,0.015308761596679689
1.484,1.5306211471557618,1.484000125,0.0003124237060546875
1.486,1.5496327438354494,1.486000125,0.015308761596679689
1.488,1.544629692077637,1.488000125,0.010309982299804689
1.49,1.556637016296387,1.490000125,0.0003124237060546875
1.492,1.5596388473510745,1.492000125,0.020307540893554688
1.494,1.5646418991088868,1.494000125,0.010309982299804689
1.496,1.5696449508666994,1.496000125,0.010309982299804689
1.498,1.5766492233276368,1.498000125,0.010309982299804689
