t1,ch1,t2,ch2,T1,T2
0,4.15998008728027,0,3.7893871307373,,
0.5,4.14498466491699,0.5,3.77938957214355,,
1,4.15998008728027,1,3.7893871307373,,
1.5,4.13998619079589,1.5,3.77938957214355,,
2,4.15498161315918,2,3.78438835144043,,
2.5,4.15498161315918,2.5,3.7893871307373,,
3,4.15998008728027,3,3.7893871307373,,
3.5,4.15498161315918,3.5,3.7893871307373,,
4,4.15498161315918,4,3.7893871307373,,
4.5,4.16497856140136,4.5,3.79938468933105,,
5,4.15998008728027,5,3.78438835144043,,
5.5,4.15498161315918,5.5,3.78438835144043,,
6,4.14998313903808,6,3.7893871307373,,
6.5,4.16497856140136,6.5,3.7893871307373,,
7,4.15998008728027,7,3.79438591003418,,
7.5,4.15498161315918,7.5,3.7893871307373,,
8,4.15498161315918,8,3.79438591003418,,
8.5,4.16497856140136,8.5,3.7893871307373,,
9,4.16997703552246,9,3.80438346862793,,
9.5,4.15998008728027,9.5,3.79438591003418,,
10,4.15498161315918,10,3.79438591003418,,
10.5,4.15998008728027,10.5,3.7893871307373,,
11,4.16497856140136,11,3.79938468933105,,
11.5,4.15998008728027,11.5,3.7893871307373,,
12,4.15998008728027,12,3.7893871307373,,
12.5,4.16497856140136,12.5,3.79938468933105,,
13,4.16497856140136,13,3.7893871307373,,
13.5,4.16497856140136,13.5,3.79938468933105,,
14,4.16997703552246,14,3.79938468933105,,
14.5,4.15998008728027,14.5,3.79438591003418,,
15,4.16497856140136,15,3.79438591003418,,
15.5,4.16997703552246,15.5,3.79438591003418,,
16,4.14998313903808,16,3.79438591003418,,
16.5,4.15498161315918,16.5,3.7893871307373,,
17,4.16497856140136,17,3.79438591003418,,
17.5,4.16497856140136,17.5,3.79438591003418,,
18,4.15998008728027,18,3.79938468933105,,
18.5,4.14498466491699,18.5,3.79438591003418,,
19,4.16497856140136,19,3.79438591003418,,
19.5,4.15998008728027,19.5,3.79438591003418,,
20,4.14998313903808,20,3.79938468933105,,
20.5,4.16997703552246,20.5,3.79938468933105,,
21,4.15998008728027,21,3.79438591003418,,
21.5,4.17497550964355,21.5,3.79938468933105,,
22,4.15498161315918,22,3.79438591003418,,
22.5,4.16997703552246,22.5,3.79438591003418,,
23,4.16997703552246,23,3.79438591003418,,
23.5,4.16997703552246,23.5,3.79938468933105,,
24,4.16997703552246,24,3.79938468933105,,
24.5,4.17497550964355,24.5,3.80438346862793,,
25,4.16497856140136,25,3.79438591003418,,
25.5,4.16497856140136,25.5,3.79938468933105,,
26,4.16997703552246,26,3.79938468933105,,
26.5,4.17997398376464,26.5,3.79438591003418,,
27,4.16497856140136,27,3.7893871307373,,
27.5,4.16997703552246,27.5,3.79938468933105,,
28,4.16497856140136,28,3.80438346862793,,
28.5,4.15998008728027,28.5,3.79438591003418,,
29,4.16997703552246,29,3.7893871307373,,
29.5,4.17497550964355,29.5,3.79938468933105,,
30,4.17497550964355,30,3.80438346862793,,
30.5,4.15998008728027,30.5,3.79438591003418,,
31,4.17497550964355,31,3.81438102722168,,
31.5,4.16497856140136,31.5,3.79938468933105,,
32,4.16997703552246,32,3.80438346862793,,
32.5,4.16997703552246,32.5,3.79438591003418,,
33,4.16497856140136,33,3.79438591003418,,
33.5,4.17497550964355,33.5,3.80438346862793,,
34,4.16997703552246,34,3.79438591003418,,
34.5,4.17497550964355,34.5,3.79938468933105,,
35,4.16497856140136,35,3.79438591003418,,
35.5,4.15998008728027,35.5,3.7893871307373,,
36,4.16497856140136,36,3.7893871307373,,
36.5,4.16497856140136,36.5,3.7893871307373,,
37,4.17997398376464,37,3.79938468933105,,
37.5,4.17497550964355,37.5,3.79938468933105,,
38,4.17497550964355,38,3.79938468933105,,
38.5,4.17497550964355,38.5,3.79438591003418,,
39,4.17497550964355,39,3.79938468933105,,
39.5,4.16997703552246,39.5,3.79938468933105,,
40,4.16997703552246,40,3.79438591003418,,
40.5,4.16997703552246,40.5,3.79438591003418,,
41,4.15998008728027,41,3.78438835144043,,
41.5,4.16997703552246,41.5,3.79938468933105,,
42,4.17497550964355,42,3.7893871307373,,
42.5,4.16997703552246,42.5,3.79438591003418,,
43,4.17497550964355,43,3.79438591003418,,
43.5,4.17497550964355,43.5,3.79938468933105,,
44,4.17497550964355,44,3.80438346862793,,
44.5,4.15998008728027,44.5,3.7893871307373,,
45,4.17497550964355,45,3.79938468933105,,
45.5,4.17497550964355,45.5,3.8093822479248,,
46,4.17497550964355,46,3.79938468933105,,
46.5,4.17997398376464,46.5,3.8093822479248,,
47,4.16997703552246,47,3.79938468933105,,
47.5,4.17497550964355,47.5,3.7893871307373,,
48,4.16497856140136,48,3.7893871307373,,
48.5,4.17497550964355,48.5,3.79438591003418,,
49,4.18497245788574,49,3.79938468933105,,
49.5,4.17497550964355,49.5,3.79938468933105,,
50,4.17497550964355,50,3.79938468933105,,
50.5,4.17997398376464,50.5,3.79938468933105,,
51,4.17997398376464,51,3.80438346862793,,
51.5,4.16997703552246,51.5,3.79938468933105,,
52,4.15498161315918,52,3.79438591003418,,
52.5,4.17497550964355,52.5,3.79438591003418,,
53,4.17997398376464,53,3.8093822479248,,
53.5,4.17997398376464,53.5,3.80438346862793,,
54,4.17997398376464,54,3.79938468933105,,
54.5,4.18497245788574,54.5,3.8093822479248,,
55,4.17497550964355,55,3.8093822479248,,
55.5,4.16997703552246,55.5,3.79938468933105,,
56,4.17497550964355,56,3.79438591003418,,
56.5,4.17497550964355,56.5,3.79938468933105,,
57,4.17997398376464,57,3.79938468933105,,
57.5,4.17497550964355,57.5,3.79938468933105,,
58,4.17997398376464,58,3.80438346862793,,
58.5,4.17497550964355,58.5,3.79438591003418,,
59,4.17497550964355,59,3.79938468933105,,
59.5,4.16497856140136,59.5,3.79438591003418,,
60,4.17497550964355,60,3.79438591003418,,
60.5,4.16497856140136,60.5,3.7893871307373,,
61,4.17997398376464,61,3.80438346862793,,
61.5,4.17997398376464,61.5,3.79938468933105,,
62,4.17497550964355,62,3.79438591003418,,
62.5,4.17997398376464,62.5,3.79438591003418,,
63,4.17497550964355,63,3.7893871307373,,
63.5,4.18497245788574,63.5,3.80438346862793,,
64,4.17497550964355,64,3.79438591003418,,
64.5,4.17497550964355,64.5,3.79438591003418,,
65,4.17497550964355,65,3.80438346862793,,
65.5,4.18497245788574,65.5,3.79938468933105,,
66,4.17497550964355,66,3.79438591003418,,
66.5,4.17497550964355,66.5,3.79438591003418,,
67,4.18497245788574,67,3.80438346862793,,
67.5,4.17497550964355,67.5,3.79938468933105,,
68,4.17997398376464,68,3.79938468933105,,
68.5,4.17997398376464,68.5,3.80438346862793,,
69,4.16997703552246,69,3.79438591003418,,
69.5,4.16997703552246,69.5,3.79438591003418,,
70,4.17997398376464,70,3.79938468933105,,
70.5,4.17497550964355,70.5,3.81438102722168,,
71,4.17997398376464,71,3.8093822479248,,
71.5,4.18497245788574,71.5,3.79938468933105,,
72,4.16997703552246,72,3.79438591003418,,
72.5,4.17997398376464,72.5,3.81937980651855,,
73,4.18497245788574,73,3.80438346862793,,
73.5,4.17497550964355,73.5,3.79938468933105,,
74,4.18997093200683,74,3.80438346862793,,
74.5,4.18997093200683,74.5,3.8093822479248,,
75,4.18497245788574,75,3.80438346862793,,
75.5,4.17997398376464,75.5,3.79938468933105,,
76,4.18497245788574,76,3.79938468933105,,
76.5,4.17497550964355,76.5,3.8093822479248,,
77,4.18497245788574,77,3.80438346862793,,
77.5,4.18497245788574,77.5,3.8093822479248,,
78,4.17997398376464,78,3.79938468933105,,
78.5,4.17997398376464,78.5,3.80438346862793,,
79,4.17497550964355,79,3.79438591003418,,
79.5,4.17497550964355,79.5,3.79938468933105,,
80,4.18497245788574,80,3.80438346862793,,
80.5,4.18497245788574,80.5,3.80438346862793,,
81,4.18997093200683,81,3.80438346862793,,
81.5,4.18997093200683,81.5,3.81438102722168,,
82,4.17997398376464,82,3.79938468933105,,
82.5,4.18997093200683,82.5,3.80438346862793,,
83,4.18997093200683,83,3.8093822479248,,
83.5,4.17497550964355,83.5,3.79438591003418,,
84,4.17997398376464,84,3.79938468933105,,
84.5,4.19496940612793,84.5,3.8093822479248,,
85,4.18997093200683,85,3.8093822479248,,
85.5,4.17997398376464,85.5,3.80438346862793,,
86,4.18997093200683,86,3.80438346862793,,
86.5,4.16997703552246,86.5,3.79938468933105,,
87,4.18497245788574,87,3.80438346862793,,
87.5,4.17997398376464,87.5,3.8093822479248,,
88,4.18497245788574,88,3.80438346862793,,
88.5,4.18997093200683,88.5,3.81937980651855,,
89,4.18497245788574,89,3.80438346862793,,
89.5,4.17997398376464,89.5,3.79938468933105,,
90,4.19496940612793,90,3.80438346862793,,
90.5,4.18997093200683,90.5,3.80438346862793,,
91,4.18497245788574,91,3.8093822479248,,
91.5,4.17497550964355,91.5,3.80438346862793,,
92,4.19996788024902,92,3.8093822479248,,
92.5,4.18497245788574,92.5,3.79938468933105,,
93,4.19496940612793,93,3.81438102722168,,
93.5,4.18997093200683,93.5,3.80438346862793,,
94,4.18997093200683,94,3.8093822479248,,
94.5,4.18497245788574,94.5,3.79938468933105,,
95,4.19496940612793,95,3.80438346862793,,
95.5,4.19496940612793,95.5,3.8093822479248,,
96,4.18997093200683,96,3.81438102722168,,
96.5,4.18997093200683,96.5,3.79938468933105,,
97,4.18497245788574,97,3.80438346862793,,
97.5,4.17997398376464,97.5,3.80438346862793,,
98,4.18997093200683,98,3.8093822479248,,
98.5,4.19496940612793,98.5,3.80438346862793,,
99,4.19496940612793,99,3.80438346862793,,
99.5,4.19996788024902,99.5,3.8093822479248,,
100,4.18997093200683,100,3.8093822479248,,
100.5,4.19996788024902,100.5,3.81438102722168,,
101,4.19996788024902,101,3.8093822479248,,
101.5,4.18997093200683,101.5,3.81438102722168,,
102,4.17997398376464,102,3.80438346862793,,
102.5,4.18497245788574,102.5,3.8093822479248,,
103,4.18997093200683,103,3.8093822479248,,
103.5,4.18997093200683,103.5,3.80438346862793,,
104,4.19996788024902,104,3.80438346862793,,
104.5,4.19496940612793,104.5,3.8093822479248,,
105,4.18997093200683,105,3.8093822479248,,
105.5,4.17497550964355,105.5,3.79438591003418,,
106,4.19496940612793,106,3.81438102722168,,
106.5,4.18497245788574,106.5,3.8093822479248,,
107,4.19496940612793,107,3.80438346862793,,
107.5,4.18997093200683,107.5,3.8093822479248,,
108,4.19996788024902,108,3.8093822479248,,
108.5,4.18997093200683,108.5,3.8093822479248,,
109,4.20496635437011,109,3.81438102722168,,
109.5,4.18497245788574,109.5,3.80438346862793,,
110,4.18997093200683,110,3.80438346862793,,
110.5,4.19496940612793,110.5,3.8093822479248,,
111,4.18997093200683,111,3.81438102722168,,
111.5,4.19996788024902,111.5,3.8093822479248,,
112,4.18997093200683,112,3.79938468933105,,
112.5,4.19996788024902,112.5,3.8093822479248,,
113,4.19496940612793,113,3.80438346862793,,
113.5,4.19496940612793,113.5,3.79938468933105,,
114,4.19496940612793,114,3.81438102722168,,
114.5,4.20496635437011,114.5,3.81438102722168,,
115,4.20496635437011,115,3.8093822479248,,
115.5,4.20496635437011,115.5,3.8093822479248,,
116,4.20496635437011,116,3.80438346862793,,
116.5,4.19496940612793,116.5,3.8093822479248,,
117,4.19496940612793,117,3.81438102722168,,
117.5,4.19996788024902,117.5,3.81438102722168,,
118,4.20496635437011,118,3.8093822479248,,
118.5,4.20496635437011,118.5,3.8093822479248,,
119,4.18997093200683,119,3.80438346862793,,
119.5,4.20996482849121,119.5,3.81438102722168,,
120,4.20496635437011,120,3.81438102722168,,
120.5,4.20496635437011,120.5,3.82437858581542,,
121,4.20496635437011,121,3.8093822479248,,
121.5,4.20996482849121,121.5,3.81438102722168,,
122,4.19496940612793,122,3.8093822479248,,
122.5,4.19996788024902,122.5,3.81937980651855,,
123,4.20496635437011,123,3.81438102722168,,
123.5,4.20496635437011,123.5,3.81937980651855,,
124,4.19996788024902,124,3.8093822479248,,
124.5,4.20496635437011,124.5,3.8093822479248,,
125,4.19996788024902,125,3.81438102722168,,
125.5,4.20996482849121,125.5,3.82437858581542,,
126,4.18997093200683,126,3.8093822479248,,
126.5,4.19496940612793,126.5,3.80438346862793,,
127,4.19996788024902,127,3.8093822479248,,
127.5,4.2149633026123,127.5,3.8093822479248,,
128,4.19496940612793,128,3.8093822479248,,
128.5,4.19996788024902,128.5,3.81937980651855,,
129,4.2149633026123,129,3.8293773651123,,
129.5,4.18497245788574,129.5,3.8093822479248,,
130,4.20496635437011,130,3.81438102722168,,
130.5,4.20996482849121,130.5,3.81438102722168,,
131,4.20996482849121,131,3.81438102722168,,
131.5,4.20496635437011,131.5,3.8093822479248,,
132,4.19996788024902,132,3.8093822479248,,
132.5,4.21996177673339,132.5,3.82437858581542,,
133,4.21996177673339,133,3.82437858581542,,
133.5,4.20996482849121,133.5,3.81438102722168,,
134,4.20996482849121,134,3.81937980651855,,
134.5,4.20496635437011,134.5,3.80438346862793,,
135,4.19996788024902,135,3.8093822479248,,
135.5,4.20996482849121,135.5,3.81937980651855,,
136,4.20996482849121,136,3.81438102722168,,
136.5,4.20496635437011,136.5,3.81438102722168,,
137,4.2149633026123,137,3.81937980651855,,
137.5,4.19996788024902,137.5,3.8093822479248,,
138,4.20496635437011,138,3.80438346862793,,
138.5,4.19996788024902,138.5,3.81937980651855,,
139,4.19496940612793,139,3.81438102722168,,
139.5,4.20496635437011,139.5,3.83437614440918,,
140,4.20996482849121,140,3.81438102722168,,
140.5,4.20496635437011,140.5,3.8093822479248,,
141,4.20496635437011,141,3.8093822479248,,
141.5,4.19996788024902,141.5,3.81438102722168,,
142,4.20996482849121,142,3.81438102722168,,
142.5,4.2149633026123,142.5,3.82437858581542,,
143,4.19996788024902,143,3.8093822479248,,
143.5,4.20996482849121,143.5,3.80438346862793,,
144,4.20496635437011,144,3.81438102722168,,
144.5,4.21996177673339,144.5,3.81937980651855,,
145,4.20496635437011,145,3.81438102722168,,
145.5,4.2149633026123,145.5,3.81438102722168,,
146,4.20996482849121,146,3.81937980651855,,
146.5,4.2149633026123,146.5,3.83437614440918,,
147,4.2149633026123,147,3.8093822479248,,
147.5,4.2149633026123,147.5,3.8293773651123,,
148,4.21996177673339,148,3.81937980651855,,
148.5,4.2149633026123,148.5,3.82437858581542,,
149,4.19996788024902,149,3.81438102722168,,
149.5,4.20496635437011,149.5,3.81937980651855,,
150,4.21996177673339,150,3.82437858581542,,
150.5,4.20996482849121,150.5,3.81438102722168,,
151,4.20496635437011,151,3.81438102722168,,
151.5,4.2149633026123,151.5,3.82437858581542,,
152,4.20996482849121,152,3.81438102722168,,
152.5,4.2149633026123,152.5,3.83437614440918,,
153,4.2149633026123,153,3.8293773651123,,
153.5,4.20496635437011,153.5,3.81937980651855,,
154,4.2149633026123,154,3.83437614440918,,
154.5,4.20496635437011,154.5,3.81438102722168,,
155,4.2149633026123,155,3.82437858581542,,
155.5,4.21996177673339,155.5,3.82437858581542,,
156,4.2149633026123,156,3.82437858581542,,
156.5,4.22496025085449,156.5,3.83437614440918,,
157,4.2149633026123,157,3.82437858581542,,
157.5,4.20996482849121,157.5,3.81438102722168,,
158,4.21996177673339,158,3.8293773651123,,
158.5,4.20996482849121,158.5,3.81438102722168,,
159,4.21996177673339,159,3.81937980651855,,
159.5,4.20996482849121,159.5,3.83437614440918,,
160,4.22496025085449,160,3.8293773651123,,
160.5,4.2149633026123,160.5,3.82437858581542,,
161,4.21996177673339,161,3.82437858581542,,
161.5,4.21996177673339,161.5,3.82437858581542,,
162,4.2149633026123,162,3.83437614440918,,
162.5,4.20996482849121,162.5,3.82437858581542,,
163,4.22496025085449,163,3.8293773651123,,
163.5,4.22496025085449,163.5,3.82437858581542,,
164,4.22995872497558,164,3.8293773651123,,
164.5,4.2149633026123,164.5,3.82437858581542,,
165,4.22496025085449,165,3.8293773651123,,
165.5,4.21996177673339,165.5,3.81937980651855,,
166,4.20996482849121,166,3.82437858581542,,
166.5,4.22496025085449,166.5,3.8293773651123,,
167,4.22496025085449,167,3.8293773651123,,
167.5,4.2149633026123,167.5,3.82437858581542,,
168,4.20996482849121,168,3.8093822479248,,
168.5,4.20496635437011,168.5,3.81438102722168,,
169,4.2149633026123,169,3.81937980651855,,
169.5,4.2149633026123,169.5,3.81937980651855,,
170,4.20996482849121,170,3.81438102722168,,
170.5,4.20996482849121,170.5,3.83937492370605,,
171,4.21996177673339,171,3.8293773651123,,
171.5,4.20996482849121,171.5,3.83437614440918,,
172,4.20996482849121,172,3.81937980651855,,
172.5,4.21996177673339,172.5,3.82437858581542,,
173,4.22496025085449,173,3.83437614440918,,
173.5,4.22496025085449,173.5,3.82437858581542,,
174,4.22496025085449,174,3.83437614440918,,
174.5,4.22995872497558,174.5,3.83437614440918,,
175,4.21996177673339,175,3.8293773651123,,
175.5,4.22496025085449,175.5,3.83437614440918,,
176,4.22995872497558,176,3.83937492370605,,
176.5,4.22496025085449,176.5,3.84437370300293,,
177,4.20996482849121,177,3.82437858581542,,
177.5,4.21996177673339,177.5,3.82437858581542,,
178,4.20996482849121,178,3.80438346862793,,
178.5,4.21996177673339,178.5,3.82437858581542,,
179,4.22995872497558,179,3.82437858581542,,
179.5,4.21996177673339,179.5,3.83437614440918,,
180,4.21996177673339,180,3.8293773651123,,
180.5,4.22496025085449,180.5,3.8293773651123,,
181,3.84007774353027,181,2.80462760925293,,
181.5,3.85007469177246,181.5,2.79463005065917,,
182,3.85007469177246,182,2.8096263885498,,
182.5,3.85007469177246,182.5,2.8096263885498,,
183,3.85007469177246,183,2.81462516784668,,
183.5,3.84507621765136,183.5,2.79962882995605,,
184,3.85507316589355,184,2.81462516784668,,
184.5,3.84507621765136,184.5,2.80462760925293,,
185,3.85507316589355,185,2.81962394714355,,
185.5,3.85007469177246,185.5,2.81462516784668,,
186,3.85007469177246,186,2.8096263885498,,
186.5,3.86007164001464,186.5,2.81462516784668,,
187,3.85507316589355,187,2.81462516784668,,
187.5,3.85507316589355,187.5,2.8096263885498,,
188,3.85007469177246,188,2.81462516784668,,
188.5,3.86007164001464,188.5,2.82462272644042,,
189,3.87006858825683,189,2.82462272644042,,
189.5,3.86007164001464,189.5,2.82462272644042,,
190,3.86007164001464,190,2.81962394714355,,
190.5,3.85507316589355,190.5,2.81462516784668,,
191,3.86007164001464,191,2.82462272644042,,
191.5,3.87006858825683,191.5,2.81962394714355,,
192,3.86007164001464,192,2.82462272644042,,
192.5,3.86007164001464,192.5,2.83462028503418,,
193,3.86507011413574,193,2.81962394714355,,
193.5,3.86507011413574,193.5,2.8296215057373,,
194,3.86507011413574,194,2.82462272644042,,
194.5,3.85507316589355,194.5,2.8296215057373,,
195,3.87006858825683,195,2.8296215057373,,
195.5,3.86007164001464,195.5,2.8296215057373,,
196,3.87006858825683,196,2.8296215057373,,
196.5,3.87006858825683,196.5,2.8296215057373,,
197,3.86007164001464,197,2.83961906433105,,
197.5,3.86007164001464,197.5,2.8296215057373,,
198,3.87006858825683,198,2.83961906433105,,
198.5,3.87006858825683,198.5,2.83961906433105,,
199,3.87006858825683,199,2.83462028503418,,
199.5,3.87006858825683,199.5,2.83961906433105,,
200,3.87506706237792,200,2.83961906433105,,
200.5,3.88506401062011,200.5,2.84461784362792,,
201,3.88506401062011,201,2.84461784362792,,
201.5,3.88006553649902,201.5,2.83961906433105,,
202,3.87506706237792,202,2.84461784362792,,
202.5,3.87506706237792,202.5,2.84461784362792,,
203,3.88006553649902,203,2.84461784362792,,
203.5,3.88006553649902,203.5,2.83462028503418,,
204,3.87506706237792,204,2.84461784362792,,
204.5,3.87506706237792,204.5,2.83462028503418,,
205,3.87006858825683,205,2.8496166229248,,
205.5,3.87506706237792,205.5,2.84461784362792,,
206,3.87506706237792,206,2.83961906433105,,
206.5,3.88506401062011,206.5,2.84461784362792,,
207,3.87506706237792,207,2.84461784362792,,
207.5,3.87506706237792,207.5,2.8496166229248,,
208,3.88006553649902,208,2.8496166229248,,
208.5,3.87006858825683,208.5,2.84461784362792,,
209,3.86007164001464,209,2.8296215057373,,
209.5,3.87506706237792,209.5,2.8496166229248,,
210,3.87506706237792,210,2.85461540222168,,
210.5,3.88006553649902,210.5,2.8496166229248,,
211,3.88006553649902,211,2.85461540222168,,
211.5,3.87506706237792,211.5,2.8496166229248,,
212,3.87506706237792,212,2.8496166229248,,
212.5,3.88006553649902,212.5,2.85461540222168,,
213,3.88006553649902,213,2.85461540222168,,
213.5,3.89006248474121,213.5,2.85961418151855,,
214,3.89006248474121,214,2.85961418151855,,
214.5,3.88506401062011,214.5,2.85461540222168,,
215,3.87506706237792,215,2.85961418151855,,
215.5,3.87006858825683,215.5,2.85461540222168,,
216,3.87006858825683,216,2.84461784362792,,
216.5,3.88006553649902,216.5,2.85961418151855,,
217,3.88506401062011,217,2.85461540222168,,
217.5,3.87506706237792,217.5,2.86461296081543,,
218,3.88506401062011,218,2.85461540222168,,
218.5,3.88506401062011,218.5,2.86461296081543,,
219,3.89006248474121,219,2.8696117401123,,
219.5,3.87006858825683,219.5,2.85461540222168,,
220,3.88506401062011,220,2.87461051940917,,
220.5,3.88006553649902,220.5,2.87461051940917,,
221,3.88506401062011,221,2.87461051940917,,
221.5,3.86507011413574,221.5,2.86461296081543,,
222,3.88506401062011,222,2.87461051940917,,
222.5,3.89006248474121,222.5,2.87461051940917,,
223,3.89006248474121,223,2.8696117401123,,
223.5,3.89006248474121,223.5,2.87461051940917,,
224,3.89006248474121,224,2.87461051940917,,
224.5,3.88506401062011,224.5,2.87461051940917,,
225,3.89006248474121,225,2.87461051940917,,
225.5,3.90005943298339,225.5,2.88460807800293,,
226,3.89006248474121,226,2.8696117401123,,
226.5,3.89006248474121,226.5,2.87960929870605,,
227,3.88006553649902,227,2.86461296081543,,
227.5,3.89006248474121,227.5,2.87960929870605,,
228,3.8950609588623,228,2.87461051940917,,
228.5,3.88506401062011,228.5,2.87461051940917,,
229,3.88006553649902,229,2.87461051940917,,
229.5,3.8950609588623,229.5,2.87960929870605,,
230,3.88506401062011,230,2.8696117401123,,
230.5,3.88506401062011,230.5,2.87461051940917,,
231,3.89006248474121,231,2.86461296081543,,
231.5,3.8950609588623,231.5,2.86461296081543,,
232,3.8950609588623,232,2.88460807800293,,
232.5,3.88006553649902,232.5,2.8696117401123,,
233,3.8950609588623,233,2.88460807800293,,
233.5,3.89006248474121,233.5,2.88460807800293,,
234,3.89006248474121,234,2.8896068572998,,
234.5,3.8950609588623,234.5,2.88460807800293,,
235,3.90005943298339,235,2.89460563659667,,
235.5,3.88506401062011,235.5,2.87461051940917,,
236,3.8950609588623,236,2.87960929870605,,
236.5,3.88506401062011,236.5,2.87960929870605,,
237,3.90005943298339,237,2.88460807800293,,
237.5,3.8950609588623,237.5,2.88460807800293,,
238,3.90005943298339,238,2.8896068572998,,
238.5,3.89006248474121,238.5,2.88460807800293,,
239,3.88506401062011,239,2.88460807800293,,
239.5,3.8950609588623,239.5,2.8896068572998,,
240,3.8950609588623,240,2.8896068572998,,
240.5,3.90005943298339,240.5,2.89460563659667,,
241,3.89006248474121,241,2.8896068572998,,
241.5,3.89006248474121,241.5,2.8896068572998,,
242,3.8950609588623,242,2.88460807800293,,
242.5,3.90005943298339,242.5,2.89960441589355,,
243,3.89006248474121,243,2.89460563659667,,
243.5,3.88506401062011,243.5,2.8896068572998,,
244,3.90505790710449,244,2.89460563659667,,
244.5,3.88506401062011,244.5,2.8896068572998,,
245,3.90005943298339,245,2.90460319519043,,
245.5,3.90005943298339,245.5,2.9096019744873,,
246,3.90005943298339,246,2.89460563659667,,
246.5,3.90005943298339,246.5,2.90460319519043,,
247,3.90505790710449,247,2.90460319519043,,
247.5,3.90505790710449,247.5,2.91460075378418,,
248,3.90505790710449,248,2.91460075378418,,
248.5,3.90005943298339,248.5,2.9096019744873,,
249,3.90005943298339,249,2.89960441589355,,
249.5,3.89006248474121,249.5,2.9096019744873,,
250,3.90505790710449,250,2.91460075378418,,
250.5,3.90505790710449,250.5,2.9096019744873,,
251,3.91005638122558,251,2.91460075378418,,
251.5,3.90505790710449,251.5,2.91959953308105,,
252,3.90005943298339,252,2.90460319519043,,
252.5,3.8950609588623,252.5,2.92459831237792,,
253,3.91005638122558,253,2.9096019744873,,
253.5,3.90005943298339,253.5,2.9096019744873,,
254,3.89006248474121,254,2.89960441589355,,
254.5,3.91505485534667,254.5,2.91460075378418,,
255,3.90505790710449,255,2.91460075378418,,
255.5,3.91005638122558,255.5,2.91460075378418,,
256,3.90005943298339,256,2.91460075378418,,
256.5,3.90005943298339,256.5,2.90460319519043,,
257,3.88506401062011,257,2.89960441589355,,
257.5,3.90505790710449,257.5,2.90460319519043,,
258,3.90005943298339,258,2.9096019744873,,
258.5,3.90005943298339,258.5,2.91959953308105,,
259,3.90505790710449,259,2.91959953308105,,
259.5,3.90005943298339,259.5,2.91959953308105,,
260,3.92005332946777,260,2.92459831237792,,
260.5,3.90005943298339,260.5,2.9096019744873,,
261,3.91005638122558,261,2.91460075378418,,
261.5,3.91005638122558,261.5,2.91460075378418,,
262,3.91005638122558,262,2.92459831237792,,
262.5,3.90005943298339,262.5,2.92459831237792,,
263,3.91505485534667,263,2.92459831237792,,
263.5,3.90005943298339,263.5,2.91460075378418,,
264,3.90505790710449,264,2.92459831237792,,
264.5,3.92005332946777,264.5,2.9295970916748,,
265,3.90005943298339,265,2.91460075378418,,
265.5,3.90505790710449,265.5,2.92459831237792,,
266,3.91005638122558,266,2.9295970916748,,
266.5,3.91505485534667,266.5,2.9295970916748,,
267,3.91505485534667,267,2.92459831237792,,
267.5,3.91005638122558,267.5,2.9295970916748,,
268,3.90505790710449,268,2.92459831237792,,
268.5,3.90505790710449,268.5,2.91959953308105,,
269,3.92505180358886,269,2.94459342956542,,
269.5,3.92005332946777,269.5,2.9295970916748,,
270,3.92005332946777,270,2.93459587097168,,
270.5,3.91005638122558,270.5,2.9295970916748,,
271,3.92005332946777,271,2.93459587097168,,
271.5,3.91005638122558,271.5,2.93959465026855,,
272,3.91005638122558,272,2.9295970916748,,
272.5,3.92005332946777,272.5,2.93459587097168,,
273,3.92005332946777,273,2.9495922088623,,
273.5,3.92505180358886,273.5,2.94459342956542,,
274,3.92505180358886,274,2.9495922088623,,
274.5,3.92005332946777,274.5,2.9495922088623,,
275,3.91505485534667,275,2.93459587097168,,
275.5,3.92505180358886,275.5,2.9495922088623,,
276,3.91505485534667,276,2.9495922088623,,
276.5,3.91005638122558,276.5,2.94459342956542,,
277,3.92005332946777,277,2.9495922088623,,
277.5,3.92505180358886,277.5,2.94459342956542,,
278,3.91505485534667,278,2.94459342956542,,
278.5,3.92005332946777,278.5,2.94459342956542,,
279,3.92505180358886,279,2.94459342956542,,
279.5,3.92505180358886,279.5,2.94459342956542,,
280,3.92505180358886,280,2.9495922088623,,
280.5,3.92505180358886,280.5,2.94459342956542,,
281,3.93005027770996,281,2.95958976745605,,
281.5,3.92505180358886,281.5,2.94459342956542,,
282,3.93504875183105,282,2.9495922088623,,
282.5,3.93504875183105,282.5,2.95459098815918,,
283,3.92005332946777,283,2.9495922088623,,
283.5,3.93005027770996,283.5,2.95459098815918,,
284,3.92005332946777,284,2.95459098815918,,
284.5,3.93005027770996,284.5,2.95459098815918,,
285,3.92005332946777,285,2.94459342956542,,
285.5,3.93005027770996,285.5,2.9495922088623,,
286,3.92005332946777,286,2.9495922088623,,
286.5,3.92005332946777,286.5,2.9495922088623,,
287,3.93005027770996,287,2.9495922088623,,
287.5,3.92505180358886,287.5,2.93959465026855,,
288,3.92505180358886,288,2.9695873260498,,
288.5,3.92505180358886,288.5,2.95459098815918,,
289,3.93504875183105,289,2.96458854675293,,
289.5,3.93005027770996,289.5,2.9495922088623,,
290,3.93504875183105,290,2.95459098815918,,
290.5,3.93005027770996,290.5,2.9495922088623,,
291,3.93005027770996,291,2.94459342956542,,
291.5,3.92005332946777,291.5,2.9495922088623,,
292,3.92505180358886,292,2.94459342956542,,
292.5,3.93005027770996,292.5,2.9495922088623,,
293,3.92505180358886,293,2.93959465026855,,
293.5,3.92505180358886,293.5,2.95459098815918,,
294,3.93005027770996,294,2.95459098815918,,
294.5,3.93005027770996,294.5,2.95459098815918,,
295,3.93504875183105,295,2.95958976745605,,
295.5,3.94004722595214,295.5,2.95459098815918,,
296,3.92005332946777,296,2.9495922088623,,
296.5,3.93504875183105,296.5,2.9695873260498,,
297,3.94004722595214,297,2.96458854675293,,
297.5,3.93504875183105,297.5,2.95459098815918,,
298,3.93005027770996,298,2.95459098815918,,
298.5,3.94004722595214,298.5,2.96458854675293,,
299,3.92005332946777,299,2.96458854675293,,
299.5,3.93005027770996,299.5,2.96458854675293,,
300,3.94504570007324,300,2.9695873260498,,
300.5,3.94504570007324,300.5,2.97458610534667,,
301,3.94004722595214,301,2.97458610534667,,
301.5,3.94004722595214,301.5,2.9695873260498,,
302,3.93504875183105,302,2.9695873260498,,
302.5,3.93504875183105,302.5,2.97458610534667,,
303,3.93005027770996,303,2.9695873260498,,
303.5,3.94004722595214,303.5,2.9695873260498,,
304,3.93504875183105,304,2.97958488464355,,
304.5,3.91505485534667,304.5,2.96458854675293,,
305,3.93504875183105,305,2.95958976745605,,
305.5,3.94504570007324,305.5,2.97958488464355,,
306,3.94004722595214,306,2.98458366394043,,
306.5,3.93005027770996,306.5,2.9695873260498,,
307,3.94504570007324,307,2.97958488464355,,
307.5,3.94504570007324,307.5,2.97958488464355,,
308,3.94004722595214,308,2.98458366394043,,
308.5,3.94004722595214,308.5,2.97958488464355,,
309,3.93005027770996,309,2.98458366394043,,
309.5,3.94004722595214,309.5,2.97458610534667,,
310,3.94504570007324,310,2.97458610534667,,
310.5,3.93504875183105,310.5,2.97958488464355,,
311,3.93005027770996,311,2.97458610534667,,
311.5,3.93504875183105,311.5,2.97458610534667,,
312,3.94004722595214,312,2.97958488464355,,
312.5,3.94504570007324,312.5,2.98458366394043,,
313,3.93504875183105,313,2.97458610534667,,
313.5,3.94004722595214,313.5,2.97958488464355,,
314,3.94504570007324,314,2.9895824432373,,
314.5,3.94504570007324,314.5,2.9895824432373,,
315,3.94004722595214,315,2.9895824432373,,
315.5,3.94504570007324,315.5,2.99458122253417,,
316,3.95004417419433,316,2.99458122253417,,
316.5,3.95504264831542,316.5,2.99458122253417,,
317,3.92505180358886,317,2.98458366394043,,
317.5,3.95004417419433,317.5,2.99458122253417,,
318,3.94504570007324,318,2.98458366394043,,
318.5,3.94504570007324,318.5,2.99958000183105,,
319,3.95004417419433,319,3.00457878112793,,
319.5,3.94004722595214,319.5,2.99458122253417,,
320,3.96503959655761,320,3.00457878112793,,
320.5,3.94504570007324,320.5,2.9895824432373,,
321,3.95004417419433,321,2.9895824432373,,
321.5,3.95004417419433,321.5,2.99958000183105,,
322,3.94504570007324,322,2.99458122253417,,
322.5,3.95504264831542,322.5,2.99958000183105,,
323,3.95004417419433,323,3.00457878112793,,
323.5,3.96004112243652,323.5,3.0095775604248,,
324,3.95004417419433,324,2.99458122253417,,
324.5,3.95004417419433,324.5,3.00457878112793,,
325,3.95504264831542,325,2.99458122253417,,
325.5,3.95504264831542,325.5,3.00457878112793,,
326,3.94504570007324,326,3.00457878112793,,
326.5,3.94504570007324,326.5,2.99958000183105,,
327,3.94004722595214,327,2.99458122253417,,
327.5,3.95004417419433,327.5,2.99958000183105,,
328,3.95504264831542,328,3.00457878112793,,
328.5,3.95004417419433,328.5,2.99958000183105,,
329,3.95004417419433,329,3.00457878112793,,
329.5,3.95504264831542,329.5,2.99958000183105,,
330,3.96004112243652,330,3.0095775604248,,
330.5,3.95004417419433,330.5,3.01457633972168,,
331,3.96004112243652,331,3.00457878112793,,
331.5,3.95004417419433,331.5,2.99958000183105,,
332,3.95504264831542,332,3.00457878112793,,
332.5,3.94004722595214,332.5,3.00457878112793,,
333,3.95004417419433,333,3.00457878112793,,
333.5,3.95004417419433,333.5,3.01457633972168,,
334,3.96004112243652,334,3.01957511901855,,
334.5,3.95504264831542,334.5,3.0095775604248,,
335,3.94504570007324,335,3.00457878112793,,
335.5,3.94504570007324,335.5,3.0095775604248,,
336,3.97003807067871,336,3.02457389831542,,
336.5,3.96004112243652,336.5,3.02457389831542,,
337,3.96004112243652,337,3.01457633972168,,
337.5,3.95504264831542,337.5,3.01457633972168,,
338,3.95504264831542,338,3.01957511901855,,
338.5,3.95004417419433,338.5,3.01457633972168,,
339,3.96503959655761,339,3.02457389831542,,
339.5,3.95504264831542,339.5,3.01457633972168,,
340,3.96004112243652,340,3.01957511901855,,
340.5,3.96004112243652,340.5,3.01957511901855,,
341,3.96004112243652,341,3.01457633972168,,
341.5,3.9750365447998,341.5,3.03957023620605,,
342,3.96503959655761,342,3.0295726776123,,
342.5,3.94504570007324,342.5,3.01457633972168,,
343,3.96004112243652,343,3.03457145690918,,
343.5,3.96004112243652,343.5,3.0295726776123,,
344,3.96503959655761,344,3.0295726776123,,
344.5,3.96004112243652,344.5,3.01457633972168,,
345,3.96004112243652,345,3.02457389831542,,
345.5,3.96503959655761,345.5,3.02457389831542,,
346,3.95004417419433,346,3.01457633972168,,
346.5,3.96503959655761,346.5,3.02457389831542,,
347,3.96503959655761,347,3.0295726776123,,
347.5,3.96004112243652,347.5,3.0295726776123,,
348,3.96503959655761,348,3.0295726776123,,
348.5,3.95504264831542,348.5,3.01457633972168,,
349,3.96004112243652,349,3.01957511901855,,
349.5,3.97003807067871,349.5,3.0295726776123,,
350,3.97003807067871,350,3.03457145690918,,
350.5,3.9750365447998,350.5,3.0495677947998,,
351,3.97003807067871,351,3.03457145690918,,
351.5,3.94504570007324,351.5,3.02457389831542,,
352,3.97003807067871,352,3.03457145690918,,
352.5,3.9750365447998,352.5,3.04456901550292,,
353,3.9750365447998,353,3.04456901550292,,
353.5,3.97003807067871,353.5,3.03957023620605,,
354,3.95504264831542,354,3.03957023620605,,
354.5,3.98003501892089,354.5,3.0495677947998,,
355,3.97003807067871,355,3.05456657409668,,
355.5,3.9750365447998,355.5,3.04456901550292,,
356,3.97003807067871,356,3.0495677947998,,
356.5,3.97003807067871,356.5,3.03957023620605,,
357,3.9750365447998,357,3.05456657409668,,
357.5,3.97003807067871,357.5,3.04456901550292,,
358,3.9750365447998,358,3.05456657409668,,
358.5,3.9750365447998,358.5,3.0495677947998,,
359,3.97003807067871,359,3.0495677947998,,
359.5,3.98003501892089,359.5,3.05456657409668,,
360,3.98003501892089,360,3.0495677947998,,
360.5,3.9750365447998,360.5,3.0495677947998,,
361,3.9750365447998,361,3.05456657409668,,
361.5,3.98003501892089,361.5,3.0495677947998,,
362,3.9750365447998,362,3.04456901550292,,
362.5,3.98003501892089,362.5,3.0495677947998,,
363,3.98003501892089,363,3.0495677947998,,
363.5,3.9750365447998,363.5,3.0495677947998,,
364,3.9750365447998,364,3.05456657409668,,
364.5,3.95504264831542,364.5,3.03957023620605,,
365,3.9750365447998,365,3.05956535339355,,
365.5,3.98503349304199,365.5,3.05456657409668,,
366,3.98003501892089,366,3.0495677947998,,
366.5,3.9750365447998,366.5,3.0495677947998,,
367,3.96503959655761,367,3.0495677947998,,
367.5,3.97003807067871,367.5,3.0495677947998,,
368,3.9750365447998,368,3.0495677947998,,
368.5,3.9750365447998,368.5,3.04456901550292,,
369,3.9750365447998,369,3.05456657409668,,
369.5,3.98503349304199,369.5,3.0495677947998,,
370,3.98503349304199,370,3.05956535339355,,
370.5,3.98503349304199,370.5,3.06456413269043,,
371,3.98003501892089,371,3.06456413269043,,
371.5,3.9750365447998,371.5,3.06456413269043,,
372,3.98503349304199,372,3.06456413269043,,
372.5,3.99003196716308,372.5,3.07456169128417,,
373,3.98003501892089,373,3.05456657409668,,
373.5,3.98003501892089,373.5,3.0495677947998,,
374,3.98503349304199,374,3.05956535339355,,
374.5,3.9750365447998,374.5,3.0695629119873,,
375,3.96004112243652,375,3.04456901550292,,
375.5,3.98503349304199,375.5,3.0695629119873,,
376,3.98503349304199,376,3.0695629119873,,
376.5,3.98503349304199,376.5,3.05956535339355,,
377,3.98003501892089,377,3.05456657409668,,
377.5,3.97003807067871,377.5,3.04456901550292,,
378,3.99003196716308,378,3.06456413269043,,
378.5,3.98003501892089,378.5,3.05956535339355,,
379,3.98003501892089,379,3.0495677947998,,
379.5,3.98503349304199,379.5,3.07456169128417,,
380,3.98503349304199,380,3.06456413269043,,
380.5,3.98003501892089,380.5,3.05956535339355,,
381,3.99503044128417,381,3.07456169128417,,
381.5,3.99003196716308,381.5,3.06456413269043,,
382,3.98503349304199,382,3.06456413269043,,
382.5,3.98503349304199,382.5,3.07956047058105,,
383,3.99503044128417,383,3.07956047058105,,
383.5,3.98503349304199,383.5,3.07456169128417,,
384,3.99503044128417,384,3.07456169128417,,
384.5,3.99003196716308,384.5,3.06456413269043,,
385,3.98503349304199,385,3.0695629119873,,
385.5,3.98503349304199,385.5,3.06456413269043,,
386,3.99003196716308,386,3.07956047058105,,
386.5,3.99003196716308,386.5,3.07456169128417,,
387,4.00002891540527,387,3.07956047058105,,
387.5,3.98503349304199,387.5,3.07456169128417,,
388,3.99003196716308,388,3.07456169128417,,
388.5,3.98503349304199,388.5,3.0695629119873,,
389,3.99003196716308,389,3.07956047058105,,
389.5,4.00002891540527,389.5,3.0895580291748,,
390,3.99003196716308,390,3.06456413269043,,
390.5,3.98003501892089,390.5,3.0695629119873,,
391,3.99003196716308,391,3.08455924987793,,
391.5,3.99503044128417,391.5,3.07456169128417,,
392,3.98003501892089,392,3.08455924987793,,
392.5,3.99503044128417,392.5,3.07456169128417,,
393,4.00002891540527,393,3.08455924987793,,
393.5,3.99503044128417,393.5,3.07456169128417,,
394,3.98503349304199,394,3.07956047058105,,
394.5,3.99503044128417,394.5,3.07956047058105,,
395,3.99503044128417,395,3.08455924987793,,
395.5,3.98503349304199,395.5,3.07456169128417,,
396,3.99003196716308,396,3.0695629119873,,
396.5,3.99503044128417,396.5,3.08455924987793,,
397,3.98503349304199,397,3.0895580291748,,
397.5,3.99003196716308,397.5,3.07956047058105,,
398,4.00002891540527,398,3.08455924987793,,
398.5,3.99503044128417,398.5,3.08455924987793,,
399,3.98503349304199,399,3.07456169128417,,
399.5,3.99003196716308,399.5,3.08455924987793,,
400,3.99503044128417,400,3.09955558776855,,
400.5,3.99503044128417,400.5,3.0895580291748,,
401,3.98003501892089,401,3.08455924987793,,
401.5,3.99503044128417,401.5,3.08455924987793,,
402,3.99503044128417,402,3.10455436706543,,
402.5,3.98503349304199,402.5,3.09955558776855,,
403,3.98503349304199,403,3.1095531463623,,
403.5,3.99503044128417,403.5,3.10455436706543,,
404,4.00502738952636,404,3.1095531463623,,
404.5,4.00002891540527,404.5,3.10455436706543,,
405,3.99003196716308,405,3.09955558776855,,
405.5,4.00502738952636,405.5,3.11455192565918,,
406,4.00502738952636,406,3.11455192565918,,
406.5,4.00002891540527,406.5,3.10455436706543,,
407,4.00502738952636,407,3.1095531463623,,
407.5,4.00002891540527,407.5,3.10455436706543,,
408,3.99003196716308,408,3.10455436706543,,
408.5,4.00002891540527,408.5,3.1095531463623,,
409,4.00502738952636,409,3.11455192565918,,
409.5,3.99003196716308,409.5,3.1095531463623,,
410,4.00002891540527,410,3.12454948425292,,
410.5,3.99003196716308,410.5,3.1095531463623,,
411,4.00502738952636,411,3.11455192565918,,
411.5,4.00502738952636,411.5,3.11955070495605,,
412,3.99503044128417,412,3.11455192565918,,
412.5,3.98503349304199,412.5,3.09955558776855,,
413,4.00502738952636,413,3.11455192565918,,
413.5,4.01002586364746,413.5,3.12454948425292,,
414,4.00002891540527,414,3.1095531463623,,
414.5,4.00502738952636,414.5,3.1095531463623,,
415,4.01002586364746,415,3.1295482635498,,
415.5,4.00502738952636,415.5,3.11955070495605,,
416,4.01002586364746,416,3.1295482635498,,
416.5,4.00002891540527,416.5,3.11455192565918,,
417,4.00502738952636,417,3.11955070495605,,
417.5,3.99503044128417,417.5,3.11455192565918,,
418,4.01002586364746,418,3.12454948425292,,
418.5,4.01002586364746,418.5,3.11955070495605,,
419,4.00002891540527,419,3.1095531463623,,
419.5,4.00002891540527,419.5,3.11955070495605,,
420,4.00002891540527,420,3.11455192565918,,
420.5,3.99503044128417,420.5,3.12454948425292,,
421,4.01002586364746,421,3.1295482635498,,
421.5,4.00502738952636,421.5,3.12454948425292,,
422,3.99503044128417,422,3.11955070495605,,
422.5,4.00502738952636,422.5,3.11955070495605,,
423,4.01002586364746,423,3.12454948425292,,
423.5,4.00002891540527,423.5,3.11955070495605,,
424,4.00502738952636,424,3.12454948425292,,
424.5,4.01502433776855,424.5,3.12454948425292,,
425,4.00502738952636,425,3.11955070495605,,
425.5,4.01502433776855,425.5,3.11455192565918,,
426,4.00502738952636,426,3.1095531463623,,
426.5,4.01002586364746,426.5,3.1095531463623,,
427,4.00002891540527,427,3.11955070495605,,
427.5,4.00502738952636,427.5,3.11955070495605,,
428,4.00502738952636,428,3.1095531463623,,
428.5,4.01002586364746,428.5,3.11955070495605,,
429,4.00502738952636,429,3.12454948425292,,
429.5,4.01502433776855,429.5,3.13454704284668,,
430,4.00502738952636,430,3.12454948425292,,
430.5,4.01002586364746,430.5,3.11955070495605,,
431,4.01002586364746,431,3.11955070495605,,
431.5,4.00002891540527,431.5,3.11955070495605,,
432,4.00502738952636,432,3.11455192565918,,
432.5,4.01002586364746,432.5,3.12454948425292,,
433,4.01502433776855,433,3.1295482635498,,
433.5,4.00502738952636,433.5,3.12454948425292,,
434,4.01002586364746,434,3.1295482635498,,
434.5,4.02002281188964,434.5,3.13454704284668,,
435,4.01502433776855,435,3.1295482635498,,
435.5,4.01002586364746,435.5,3.13954582214355,,
436,4.01502433776855,436,3.1295482635498,,
436.5,4.02002281188964,436.5,3.1295482635498,,
437,4.01502433776855,437,3.1295482635498,,
437.5,4.01502433776855,437.5,3.13454704284668,,
438,4.01502433776855,438,3.12454948425292,,
438.5,4.01502433776855,438.5,3.12454948425292,,
439,4.02002281188964,439,3.13454704284668,,
439.5,4.01002586364746,439.5,3.1295482635498,,
440,4.01502433776855,440,3.13454704284668,,
440.5,4.02002281188964,440.5,3.13454704284668,,
441,4.02502128601074,441,3.14454460144042,,
441.5,4.01502433776855,441.5,3.13454704284668,,
442,4.02002281188964,442,3.13954582214355,,
442.5,4.01002586364746,442.5,3.13454704284668,,
443,4.01002586364746,443,3.13454704284668,,
443.5,4.01502433776855,443.5,3.13454704284668,,
444,4.02002281188964,444,3.13954582214355,,
444.5,4.01502433776855,444.5,3.1295482635498,,
445,4.03001976013183,445,3.13954582214355,,
445.5,4.02002281188964,445.5,3.13454704284668,,
446,4.01502433776855,446,3.13954582214355,,
446.5,4.02502128601074,446.5,3.13954582214355,,
447,4.01502433776855,447,3.13954582214355,,
447.5,4.02002281188964,447.5,3.13954582214355,,
448,4.01502433776855,448,3.14454460144042,,
448.5,4.02002281188964,448.5,3.1295482635498,,
449,4.01002586364746,449,3.13954582214355,,
449.5,4.02502128601074,449.5,3.14454460144042,,
450,4.01502433776855,450,3.13954582214355,,
450.5,4.01002586364746,450.5,3.1295482635498,,
451,4.01002586364746,451,3.13454704284668,,
451.5,4.01502433776855,451.5,3.13454704284668,,
452,4.02502128601074,452,3.14454460144042,,
452.5,4.02502128601074,452.5,3.14454460144042,,
453,4.03001976013183,453,3.15454216003418,,
453.5,4.02502128601074,453.5,3.14454460144042,,
454,4.02002281188964,454,3.13954582214355,,
454.5,4.02002281188964,454.5,3.13954582214355,,
455,4.03001976013183,455,3.14454460144042,,
455.5,4.03501823425292,455.5,3.1495433807373,,
456,4.01502433776855,456,3.14454460144042,,
456.5,4.02002281188964,456.5,3.1495433807373,,
457,4.02002281188964,457,3.14454460144042,,
457.5,4.02502128601074,457.5,3.14454460144042,,
458,4.02002281188964,458,3.1495433807373,,
458.5,4.02502128601074,458.5,3.14454460144042,,
459,4.03001976013183,459,3.14454460144042,,
459.5,4.02002281188964,459.5,3.13454704284668,,
460,4.02502128601074,460,3.14454460144042,,
460.5,4.03001976013183,460.5,3.15454216003418,,
461,4.02002281188964,461,3.14454460144042,,
461.5,4.03001976013183,461.5,3.1495433807373,,
462,4.03001976013183,462,3.15454216003418,,
462.5,4.02502128601074,462.5,3.14454460144042,,
463,4.03001976013183,463,3.15954093933105,,
463.5,4.02502128601074,463.5,3.1495433807373,,
464,4.03001976013183,464,3.1495433807373,,
464.5,4.03001976013183,464.5,3.1695384979248,,
465,4.03001976013183,465,3.15954093933105,,
465.5,4.02502128601074,465.5,3.1495433807373,,
466,4.02502128601074,466,3.15954093933105,,
466.5,4.03001976013183,466.5,3.15954093933105,,
467,4.02002281188964,467,3.15954093933105,,
467.5,4.03501823425292,467.5,3.15954093933105,,
468,4.05001365661621,468,3.16453971862793,,
468.5,4.03001976013183,468.5,3.1495433807373,,
469,4.03501823425292,469,3.1695384979248,,
469.5,4.03001976013183,469.5,3.15454216003418,,
470,4.03001976013183,470,3.15954093933105,,
470.5,4.04501518249511,470.5,3.16453971862793,,
471,4.03001976013183,471,3.16453971862793,,
471.5,4.02502128601074,471.5,3.1695384979248,,
472,4.03001976013183,472,3.15954093933105,,
472.5,4.04501518249511,472.5,3.17453727722167,,
473,4.03501823425292,473,3.15954093933105,,
473.5,4.03001976013183,473.5,3.1695384979248,,
474,4.04001670837402,474,3.17453727722167,,
474.5,4.04001670837402,474.5,3.16453971862793,,
475,4.03501823425292,475,3.1695384979248,,
475.5,4.04001670837402,475.5,3.17453727722167,,
476,4.04001670837402,476,3.17453727722167,,
476.5,4.04501518249511,476.5,3.1695384979248,,
477,4.03501823425292,477,3.17953605651855,,
477.5,4.04001670837402,477.5,3.1695384979248,,
478,4.03001976013183,478,3.17453727722167,,
478.5,4.04001670837402,478.5,3.17453727722167,,
479,4.0550121307373,479,3.17953605651855,,
479.5,4.03501823425292,479.5,3.1695384979248,,
480,4.03001976013183,480,3.1695384979248,,
480.5,4.05001365661621,480.5,3.17453727722167,,
481,4.04001670837402,481,3.17453727722167,,
481.5,4.04001670837402,481.5,3.17953605651855,,
482,4.03501823425292,482,3.17953605651855,,
482.5,4.03501823425292,482.5,3.17453727722167,,
483,4.04001670837402,483,3.17953605651855,,
483.5,4.05001365661621,483.5,3.17953605651855,,
484,4.03501823425292,484,3.1695384979248,,
484.5,4.03001976013183,484.5,3.18453483581543,,
485,4.05001365661621,485,3.17453727722167,,
485.5,4.05001365661621,485.5,3.17453727722167,,
486,4.04001670837402,486,3.1695384979248,,
486.5,4.03001976013183,486.5,3.16453971862793,,
487,4.03501823425292,487,3.1695384979248,,
487.5,4.04501518249511,487.5,3.1695384979248,,
488,4.04501518249511,488,3.17953605651855,,
488.5,4.04001670837402,488.5,3.17453727722167,,
489,4.04001670837402,489,3.17953605651855,,
489.5,4.04501518249511,489.5,3.17453727722167,,
490,4.04001670837402,490,3.17453727722167,,
490.5,4.03001976013183,490.5,3.1695384979248,,
491,4.05001365661621,491,3.1895336151123,,
491.5,4.05001365661621,491.5,3.17953605651855,,
492,4.04501518249511,492,3.17453727722167,,
492.5,4.05001365661621,492.5,3.18453483581543,,
493,4.04001670837402,493,3.17953605651855,,
493.5,4.04001670837402,493.5,3.17453727722167,,
494,4.03501823425292,494,3.17453727722167,,
494.5,4.03501823425292,494.5,3.17953605651855,,
495,4.03501823425292,495,3.17453727722167,,
495.5,4.04001670837402,495.5,3.1695384979248,,
496,4.03501823425292,496,3.17453727722167,,
496.5,4.03501823425292,496.5,3.17453727722167,,
497,4.04501518249511,497,3.18453483581543,,
497.5,4.05001365661621,497.5,3.17953605651855,,
498,4.0550121307373,498,3.19953117370605,,
498.5,4.05001365661621,498.5,3.1895336151123,,
499,4.05001365661621,499,3.1895336151123,,
499.5,4.05001365661621,499.5,3.1895336151123,,
500,4.0550121307373,500,3.19453239440917,,
500.5,4.04501518249511,500.5,3.19453239440917,,
501,4.05001365661621,501,3.20452995300293,,
501.5,4.06001060485839,501.5,3.20452995300293,,
502,4.04001670837402,502,3.20452995300293,,
502.5,4.05001365661621,502.5,3.19953117370605,,
503,4.05001365661621,503,3.20452995300293,,
503.5,4.0550121307373,503.5,3.20452995300293,,
504,4.0550121307373,504,3.19953117370605,,
504.5,4.05001365661621,504.5,3.19953117370605,,
505,4.04501518249511,505,3.20452995300293,,
505.5,4.0550121307373,505.5,3.20452995300293,,
506,4.05001365661621,506,3.19453239440917,,
506.5,4.0550121307373,506.5,3.19953117370605,,
507,4.0550121307373,507,3.20452995300293,,
507.5,4.05001365661621,507.5,3.20452995300293,,
508,4.04501518249511,508,3.19953117370605,,
508.5,4.04501518249511,508.5,3.2095287322998,,
509,4.0550121307373,509,3.2095287322998,,
509.5,4.0550121307373,509.5,3.2095287322998,,
510,4.0550121307373,510,3.20452995300293,,
510.5,4.0550121307373,510.5,3.21452751159668,,
511,4.05001365661621,511,3.1895336151123,,
511.5,4.0550121307373,511.5,3.2095287322998,,
512,4.0550121307373,512,3.2095287322998,,
512.5,4.06001060485839,512.5,3.21452751159668,,
513,4.05001365661621,513,3.20452995300293,,
513.5,4.05001365661621,513.5,3.2095287322998,,
514,4.0550121307373,514,3.20452995300293,,
514.5,4.0550121307373,514.5,3.21452751159668,,
515,4.0550121307373,515,3.19953117370605,,
515.5,4.0550121307373,515.5,3.21452751159668,,
516,4.0550121307373,516,3.2095287322998,,
516.5,4.05001365661621,516.5,3.20452995300293,,
517,4.06001060485839,517,3.21452751159668,,
517.5,4.05001365661621,517.5,3.20452995300293,,
518,4.06001060485839,518,3.2095287322998,,
518.5,4.0550121307373,518.5,3.20452995300293,,
519,4.04001670837402,519,3.19953117370605,,
519.5,4.0550121307373,519.5,3.2095287322998,,
520,4.06500907897949,520,3.21452751159668,,
520.5,4.05001365661621,520.5,3.21452751159668,,
521,4.06500907897949,521,3.21952629089355,,
521.5,4.0550121307373,521.5,3.21452751159668,,
522,4.05001365661621,522,3.21452751159668,,
522.5,4.0550121307373,522.5,3.20452995300293,,
523,4.07000755310058,523,3.22452507019042,,
523.5,4.06001060485839,523.5,3.21952629089355,,
524,4.06500907897949,524,3.2095287322998,,
524.5,4.04501518249511,524.5,3.21952629089355,,
525,4.07000755310058,525,3.2295238494873,,
525.5,4.06001060485839,525.5,3.22452507019042,,
526,4.07000755310058,526,3.21452751159668,,
526.5,4.05001365661621,526.5,3.21452751159668,,
527,4.06001060485839,527,3.21952629089355,,
527.5,4.04501518249511,527.5,3.20452995300293,,
528,4.06500907897949,528,3.21452751159668,,
528.5,4.04501518249511,528.5,3.2095287322998,,
529,4.06001060485839,529,3.21952629089355,,
529.5,4.06001060485839,529.5,3.2095287322998,,
530,4.06500907897949,530,3.22452507019042,,
530.5,4.06500907897949,530.5,3.21452751159668,,
531,4.06500907897949,531,3.21452751159668,,
531.5,4.0550121307373,531.5,3.2095287322998,,
532,4.05001365661621,532,3.2095287322998,,
532.5,4.07000755310058,532.5,3.22452507019042,,
533,4.06500907897949,533,3.21952629089355,,
533.5,4.06001060485839,533.5,3.21452751159668,,
534,4.06500907897949,534,3.21452751159668,,
534.5,4.06500907897949,534.5,3.21452751159668,,
535,4.06500907897949,535,3.2095287322998,,
535.5,4.07000755310058,535.5,3.21952629089355,,
536,4.07500602722167,536,3.22452507019042,,
536.5,4.0550121307373,536.5,3.22452507019042,,
537,4.06001060485839,537,3.21452751159668,,
537.5,4.0550121307373,537.5,3.21952629089355,,
538,4.07500602722167,538,3.2295238494873,,
538.5,4.07000755310058,538.5,3.2295238494873,,
539,4.06001060485839,539,3.2295238494873,,
539.5,4.06001060485839,539.5,3.21952629089355,,
540,4.06001060485839,540,3.21952629089355,,
540.5,4.06500907897949,540.5,3.22452507019042,,
541,4.06500907897949,541,3.22452507019042,,
541.5,4.07000755310058,541.5,3.2295238494873,,
542,4.07500602722167,542,3.2295238494873,,
542.5,4.06001060485839,542.5,3.21452751159668,,
543,4.06500907897949,543,3.21452751159668,,
543.5,4.06500907897949,543.5,3.23452262878418,,
544,4.07000755310058,544,3.22452507019042,,
544.5,4.06500907897949,544.5,3.22452507019042,,
545,4.06500907897949,545,3.22452507019042,,
545.5,4.07500602722167,545.5,3.2295238494873,,
546,4.07500602722167,546,3.23952140808105,,
546.5,4.06500907897949,546.5,3.23952140808105,,
547,4.07500602722167,547,3.22452507019042,,
547.5,4.06500907897949,547.5,3.21952629089355,,
548,4.07500602722167,548,3.24452018737793,,
548.5,4.06500907897949,548.5,3.22452507019042,,
549,4.07500602722167,549,3.2295238494873,,
549.5,4.07000755310058,549.5,3.2295238494873,,
550,4.06500907897949,550,3.2295238494873,,
550.5,4.06001060485839,550.5,3.22452507019042,,
551,4.07000755310058,551,3.22452507019042,,
551.5,4.08000450134277,551.5,3.23452262878418,,
552,4.0550121307373,552,3.23452262878418,,
552.5,4.07500602722167,552.5,3.23452262878418,,
553,4.06001060485839,553,3.22452507019042,,
553.5,4.06500907897949,553.5,3.22452507019042,,
554,4.07500602722167,554,3.23952140808105,,
554.5,4.06500907897949,554.5,3.23452262878418,,
555,4.07500602722167,555,3.23952140808105,,
555.5,4.08000450134277,555.5,3.23452262878418,,
556,4.07000755310058,556,3.2295238494873,,
556.5,4.06500907897949,556.5,3.2295238494873,,
557,4.08000450134277,557,3.23952140808105,,
557.5,4.07500602722167,557.5,3.24452018737793,,
558,4.07000755310058,558,3.25451774597168,,
558.5,4.07500602722167,558.5,3.23952140808105,,
559,4.08500297546386,559,3.2495189666748,,
559.5,4.07000755310058,559.5,3.24452018737793,,
560,4.07000755310058,560,3.2495189666748,,
560.5,4.08000450134277,560.5,3.25451774597168,,
561,4.07000755310058,561,3.2495189666748,,
561.5,4.06500907897949,561.5,3.23452262878418,,
562,4.07500602722167,562,3.2495189666748,,
562.5,4.07500602722167,562.5,3.23952140808105,,
563,4.08000450134277,563,3.2495189666748,,
563.5,4.0550121307373,563.5,3.23952140808105,,
564,4.07500602722167,564,3.25451774597168,,
564.5,4.08000450134277,564.5,3.24452018737793,,
565,4.06001060485839,565,3.23952140808105,,
565.5,4.07000755310058,565.5,3.2495189666748,,
566,4.08000450134277,566,3.24452018737793,,
566.5,4.08000450134277,566.5,3.24452018737793,,
567,4.07500602722167,567,3.24452018737793,,
567.5,4.08000450134277,567.5,3.2495189666748,,
568,4.08000450134277,568,3.2495189666748,,
568.5,4.07500602722167,568.5,3.25451774597168,,
569,4.08500297546386,569,3.26451530456543,,
569.5,4.09000144958496,569.5,3.25451774597168,,
570,4.07500602722167,570,3.2495189666748,,
570.5,4.07000755310058,570.5,3.23952140808105,,
571,4.08000450134277,571,3.25951652526855,,
571.5,4.08500297546386,571.5,3.25451774597168,,
572,4.08000450134277,572,3.25951652526855,,
572.5,4.08500297546386,572.5,3.2695140838623,,
573,4.07500602722167,573,3.25951652526855,,
573.5,4.09000144958496,573.5,3.26451530456543,,
574,4.08000450134277,574,3.2495189666748,,
574.5,4.07500602722167,574.5,3.25951652526855,,
575,4.07500602722167,575,3.25451774597168,,
575.5,4.07500602722167,575.5,3.25951652526855,,
576,4.08000450134277,576,3.25951652526855,,
576.5,4.09000144958496,576.5,3.25951652526855,,
577,4.08500297546386,577,3.26451530456543,,
577.5,4.07500602722167,577.5,3.26451530456543,,
578,4.07000755310058,578,3.24452018737793,,
578.5,4.08500297546386,578.5,3.26451530456543,,
579,4.08500297546386,579,3.25951652526855,,
579.5,4.08000450134277,579.5,3.25951652526855,,
580,4.07500602722167,580,3.25951652526855,,
580.5,4.07500602722167,580.5,3.26451530456543,,
581,4.07500602722167,581,3.2495189666748,,
581.5,4.09000144958496,581.5,3.2695140838623,,
582,4.08500297546386,582,3.25951652526855,,
582.5,4.08500297546386,582.5,3.25951652526855,,
583,4.08500297546386,583,3.25951652526855,,
583.5,4.08000450134277,583.5,3.25951652526855,,
584,4.08000450134277,584,3.25951652526855,,
584.5,4.07500602722167,584.5,3.25451774597168,,
585,4.09000144958496,585,3.26451530456543,,
585.5,4.08000450134277,585.5,3.25451774597168,,
586,4.08000450134277,586,3.25951652526855,,
586.5,4.09000144958496,586.5,3.25951652526855,,
587,4.07500602722167,587,3.25451774597168,,
587.5,4.08500297546386,587.5,3.25451774597168,,
588,4.08000450134277,588,3.26451530456543,,
588.5,4.09000144958496,588.5,3.25951652526855,,
589,4.08500297546386,589,3.25951652526855,,
589.5,4.08000450134277,589.5,3.25951652526855,,
590,4.09000144958496,590,3.2695140838623,,
590.5,4.08500297546386,590.5,3.25451774597168,,
591,4.08500297546386,591,3.27451286315917,,
591.5,4.08500297546386,591.5,3.27451286315917,,
592,4.08500297546386,592,3.2695140838623,,
592.5,4.09000144958496,592.5,3.26451530456543,,
593,4.07500602722167,593,3.25451774597168,,
593.5,4.09499992370605,593.5,3.2695140838623,,
594,4.09499992370605,594,3.26451530456543,,
594.5,4.08000450134277,594.5,3.25451774597168,,
595,4.08500297546386,595,3.25951652526855,,
595.5,4.09000144958496,595.5,3.26451530456543,,
596,4.07500602722167,596,3.25451774597168,,
596.5,4.09000144958496,596.5,3.26451530456543,,
597,4.08500297546386,597,3.26451530456543,,
597.5,4.09499992370605,597.5,3.26451530456543,,
598,4.09000144958496,598,3.2695140838623,,
598.5,4.09000144958496,598.5,3.27451286315917,,
599,4.09000144958496,599,3.26451530456543,,
599.5,4.09499992370605,599.5,3.27451286315917,,
600,4.09999839782714,600,3.2695140838623,,
600.5,4.08500297546386,600.5,3.26451530456543,,
601,4.09999839782714,601,3.2695140838623,,
601.5,4.09499992370605,601.5,3.27951164245605,,
602,4.09999839782714,602,3.27451286315917,,
602.5,4.09499992370605,602.5,3.27451286315917,,
603,4.08500297546386,603,3.2695140838623,,
603.5,4.09000144958496,603.5,3.27451286315917,,
604,4.09499992370605,604,3.2695140838623,,
604.5,4.09000144958496,604.5,3.27451286315917,,
605,4.09999839782714,605,3.27951164245605,,
605.5,4.09999839782714,605.5,3.27951164245605,,
606,4.09999839782714,606,3.28451042175293,,
606.5,4.10499687194824,606.5,3.28451042175293,,
607,4.09999839782714,607,3.28451042175293,,
607.5,4.09999839782714,607.5,3.28451042175293,,
608,4.09999839782714,608,3.28451042175293,,
608.5,4.09999839782714,608.5,3.28451042175293,,
609,4.09499992370605,609,3.27951164245605,,
609.5,4.08500297546386,609.5,3.2695140838623,,
610,4.09000144958496,610,3.27451286315917,,
610.5,4.09000144958496,610.5,3.27451286315917,,
611,4.09999839782714,611,3.28451042175293,,
611.5,4.09499992370605,611.5,3.27451286315917,,
612,4.08500297546386,612,3.27451286315917,,
612.5,4.09999839782714,612.5,3.27951164245605,,
613,4.10499687194824,613,3.2895092010498,,
613.5,4.09499992370605,613.5,3.27951164245605,,
614,4.10999534606933,614,3.2895092010498,,
614.5,4.09000144958496,614.5,3.27951164245605,,
615,4.09999839782714,615,3.27951164245605,,
615.5,4.09999839782714,615.5,3.28451042175293,,
616,4.09999839782714,616,3.27951164245605,,
616.5,4.09999839782714,616.5,3.27951164245605,,
617,4.09499992370605,617,3.27951164245605,,
617.5,4.09499992370605,617.5,3.2895092010498,,
618,4.09999839782714,618,3.27951164245605,,
618.5,4.10999534606933,618.5,3.2895092010498,,
619,4.10999534606933,619,3.2895092010498,,
619.5,4.09499992370605,619.5,3.29950675964355,,
620,4.10999534606933,620,3.29450798034668,,
620.5,4.10999534606933,620.5,3.2895092010498,,
621,4.09999839782714,621,3.2895092010498,,
621.5,4.09000144958496,621.5,3.29450798034668,,
622,4.09999839782714,622,3.28451042175293,,
622.5,4.10999534606933,622.5,3.28451042175293,,
623,4.09499992370605,623,3.28451042175293,,
623.5,4.10999534606933,623.5,3.2895092010498,,
624,4.10999534606933,624,3.29950675964355,,
624.5,4.10499687194824,624.5,3.29450798034668,,
625,4.09999839782714,625,3.27951164245605,,
625.5,4.09999839782714,625.5,3.29450798034668,,
626,4.10999534606933,626,3.29450798034668,,
626.5,4.09499992370605,626.5,3.2895092010498,,
627,4.09999839782714,627,3.29450798034668,,
627.5,4.09999839782714,627.5,3.2895092010498,,
628,4.09999839782714,628,3.2895092010498,,
628.5,4.10499687194824,628.5,3.29950675964355,,
629,4.09999839782714,629,3.2895092010498,,
629.5,4.10999534606933,629.5,3.3095043182373,,
630,4.09999839782714,630,3.2895092010498,,
630.5,4.09999839782714,630.5,3.2895092010498,,
631,4.09999839782714,631,3.2895092010498,,
631.5,4.10499687194824,631.5,3.2895092010498,,
632,4.09000144958496,632,3.28451042175293,,
632.5,4.10499687194824,632.5,3.30450553894043,,
633,4.10499687194824,633,3.29450798034668,,
633.5,4.10999534606933,633.5,3.30450553894043,,
634,4.09999839782714,634,3.29450798034668,,
634.5,4.10499687194824,634.5,3.30450553894043,,
635,4.10499687194824,635,3.30450553894043,,
635.5,4.10499687194824,635.5,3.29450798034668,,
636,4.11499382019042,636,3.30450553894043,,
636.5,4.11999229431152,636.5,3.30450553894043,,
637,4.10499687194824,637,3.29950675964355,,
637.5,4.10999534606933,637.5,3.30450553894043,,
638,4.11999229431152,638,3.30450553894043,,
638.5,4.10999534606933,638.5,3.30450553894043,,
639,4.10499687194824,639,3.2895092010498,,
639.5,4.10999534606933,639.5,3.29950675964355,,
640,4.11499382019042,640,3.4094799041748,,
640.5,4.10999534606933,640.5,3.49945793151855,,
641,4.10499687194824,641,3.5694408416748,,
641.5,4.10999534606933,641.5,3.62442741394042,,
642,4.10999534606933,642,3.6494213104248,,
642.5,4.10999534606933,642.5,3.67941398620605,,
643,4.10999534606933,643,3.69441032409668,,
643.5,4.10999534606933,643.5,3.71440544128418,,
644,4.11499382019042,644,3.7294017791748,,
644.5,4.10999534606933,644.5,3.7294017791748,,
645,4.10999534606933,645,3.73440055847168,,
645.5,4.10999534606933,645.5,3.75439567565918,,
646,4.11999229431152,646,3.7493968963623,,
646.5,4.11499382019042,646.5,3.75939445495605,,
647,4.11499382019042,647,3.75439567565918,,
647.5,4.11999229431152,647.5,3.76439323425293,,
648,4.10999534606933,648,3.75439567565918,,
648.5,4.11499382019042,648.5,3.75939445495605,,
649,4.11499382019042,649,3.75939445495605,,
649.5,4.11499382019042,649.5,3.75439567565918,,
650,4.11499382019042,650,3.75439567565918,,
650.5,4.10499687194824,650.5,3.75439567565918,,
651,4.10999534606933,651,3.75439567565918,,
651.5,4.10499687194824,651.5,3.7493968963623,,
652,4.10999534606933,652,3.75939445495605,,
652.5,4.10999534606933,652.5,3.76439323425293,,
653,4.10499687194824,653,3.7493968963623,,
653.5,4.10499687194824,653.5,3.75939445495605,,
654,4.10999534606933,654,3.7493968963623,,
654.5,4.09999839782714,654.5,3.7493968963623,,
655,4.11499382019042,655,3.76439323425293,,
655.5,4.10499687194824,655.5,3.75439567565918,,
656,4.11499382019042,656,3.76439323425293,,
656.5,4.10999534606933,656.5,3.75439567565918,,
657,4.10999534606933,657,3.76439323425293,,
657.5,4.11499382019042,657.5,3.76439323425293,,
658,4.10999534606933,658,3.75939445495605,,
658.5,4.10499687194824,658.5,3.75939445495605,,
659,4.10499687194824,659,3.7693920135498,,
659.5,4.10999534606933,659.5,3.76439323425293,,
660,4.11999229431152,660,3.77439079284667,,
660.5,4.11499382019042,660.5,3.76439323425293,,
661,4.11999229431152,661,3.76439323425293,,
661.5,4.11499382019042,661.5,3.7693920135498,,
662,4.11999229431152,662,3.7693920135498,,
662.5,4.11499382019042,662.5,3.76439323425293,,
663,4.11999229431152,663,3.76439323425293,,
663.5,4.11499382019042,663.5,3.75939445495605,,
664,4.11999229431152,664,3.7693920135498,,
664.5,4.11999229431152,664.5,3.77439079284667,,
665,4.11999229431152,665,3.76439323425293,,
665.5,4.12998924255371,665.5,3.77439079284667,,
666,4.11499382019042,666,3.77439079284667,,
666.5,4.11499382019042,666.5,3.76439323425293,,
667,4.11499382019042,667,3.75939445495605,,
667.5,4.12998924255371,667.5,3.77439079284667,,
668,4.11999229431152,668,3.76439323425293,,
668.5,4.12499076843261,668.5,3.76439323425293,,
669,4.11499382019042,669,3.76439323425293,,
669.5,4.11499382019042,669.5,3.76439323425293,,
670,4.10999534606933,670,3.7693920135498,,
670.5,4.11999229431152,670.5,3.76439323425293,,
671,4.11999229431152,671,3.77938957214355,,
671.5,4.11999229431152,671.5,3.7693920135498,,
672,4.12499076843261,672,3.77439079284667,,
672.5,4.12499076843261,672.5,3.77439079284667,,
673,4.12998924255371,673,3.77439079284667,,
673.5,4.12998924255371,673.5,3.77439079284667,,
674,4.12499076843261,674,3.77439079284667,,
674.5,4.12998924255371,674.5,3.77439079284667,,
675,4.12998924255371,675,3.76439323425293,,
675.5,4.12499076843261,675.5,3.7693920135498,,
676,4.12499076843261,676,3.77439079284667,,
676.5,4.12998924255371,676.5,3.77439079284667,,
677,4.12998924255371,677,3.7693920135498,,
677.5,4.12998924255371,677.5,3.77938957214355,,
678,4.11999229431152,678,3.77439079284667,,
678.5,4.12499076843261,678.5,3.77439079284667,,
679,4.11999229431152,679,3.77439079284667,,
679.5,4.12998924255371,679.5,3.77439079284667,,
680,4.11499382019042,680,3.76439323425293,,
680.5,4.12998924255371,680.5,3.77439079284667,,
681,4.12998924255371,681,3.77439079284667,,
681.5,4.11499382019042,681.5,3.77439079284667,,
682,4.12998924255371,682,3.77439079284667,,
682.5,4.12499076843261,682.5,3.77439079284667,,
683,4.12499076843261,683,3.77938957214355,,
683.5,4.1349877166748,683.5,3.77439079284667,,
684,4.12499076843261,684,3.77439079284667,,
684.5,4.1349877166748,684.5,3.77439079284667,,
685,4.1349877166748,685,3.78438835144043,,
685.5,4.12998924255371,685.5,3.7693920135498,,
686,4.12499076843261,686,3.77439079284667,,
686.5,4.12998924255371,686.5,3.7693920135498,,
687,4.11499382019042,687,3.77439079284667,,
687.5,4.1349877166748,687.5,3.77439079284667,,
688,4.1349877166748,688,3.77938957214355,,
688.5,4.12499076843261,688.5,3.7693920135498,,
689,4.12499076843261,689,3.77439079284667,,
689.5,4.1349877166748,689.5,3.77439079284667,,
690,4.12998924255371,690,3.77938957214355,,
690.5,4.11999229431152,690.5,3.77439079284667,,
691,4.12998924255371,691,3.7693920135498,,
691.5,4.12499076843261,691.5,3.7693920135498,,
692,4.12998924255371,692,3.7693920135498,,
692.5,4.12998924255371,692.5,3.77439079284667,,
693,4.12998924255371,693,3.77938957214355,,
693.5,4.1349877166748,693.5,3.77938957214355,,
694,4.12998924255371,694,3.7693920135498,,
694.5,4.14498466491699,694.5,3.77439079284667,,
695,4.13998619079589,695,3.7693920135498,,
695.5,4.1349877166748,695.5,3.7693920135498,,
696,4.13998619079589,696,3.77938957214355,,
696.5,4.12998924255371,696.5,3.7693920135498,,
697,4.1349877166748,697,3.7693920135498,,
697.5,4.12499076843261,697.5,3.76439323425293,,
698,4.12499076843261,698,3.7693920135498,,
698.5,4.1349877166748,698.5,3.7693920135498,,
699,4.13998619079589,699,3.77439079284667,,
699.5,4.12998924255371,699.5,3.77938957214355,,
700,4.12998924255371,700,3.76439323425293,,
700.5,4.1349877166748,700.5,3.77938957214355,,
701,4.13998619079589,701,3.77439079284667,,
701.5,4.1349877166748,701.5,3.7693920135498,,
702,4.12499076843261,702,3.7693920135498,,
702.5,4.14498466491699,702.5,3.77439079284667,,
703,4.1349877166748,703,3.7693920135498,,
703.5,4.14498466491699,703.5,3.77439079284667,,
704,4.13998619079589,704,3.78438835144043,,
704.5,4.13998619079589,704.5,3.7693920135498,,
705,4.14498466491699,705,3.77938957214355,,
705.5,4.13998619079589,705.5,3.77938957214355,,
706,4.14498466491699,706,3.77938957214355,,
706.5,4.14498466491699,706.5,3.77938957214355,,
707,4.12499076843261,707,3.7693920135498,,
707.5,4.1349877166748,707.5,3.77938957214355,,
708,4.14498466491699,708,3.77938957214355,,
708.5,4.1349877166748,708.5,3.7693920135498,,
709,4.13998619079589,709,3.77439079284667,,
709.5,4.1349877166748,709.5,3.77439079284667,,
710,4.1349877166748,710,3.7693920135498,,
710.5,4.14498466491699,710.5,3.77938957214355,,
711,4.13998619079589,711,3.7693920135498,,
711.5,4.1349877166748,711.5,3.76439323425293,,
712,4.12998924255371,712,3.77439079284667,,
712.5,4.12998924255371,712.5,3.7693920135498,,
713,4.14498466491699,713,3.77938957214355,,
713.5,4.13998619079589,713.5,3.77938957214355,,
714,4.14498466491699,714,3.78438835144043,,
714.5,4.1349877166748,714.5,3.7693920135498,,
715,4.13998619079589,715,3.77938957214355,,
715.5,4.13998619079589,715.5,3.77439079284667,,
716,4.14498466491699,716,3.77938957214355,,
716.5,4.12998924255371,716.5,3.7693920135498,,
717,4.13998619079589,717,3.77439079284667,,
717.5,4.13998619079589,717.5,3.77938957214355,,
718,4.14498466491699,718,3.77439079284667,,
718.5,4.1349877166748,718.5,3.7693920135498,,
719,4.1349877166748,719,3.77938957214355,,
719.5,4.1349877166748,719.5,3.7693920135498,,
720,4.13998619079589,720,3.77439079284667,,
720.5,4.13998619079589,720.5,3.7693920135498,,
721,4.1349877166748,721,3.77439079284667,,
721.5,4.1349877166748,721.5,3.77439079284667,,
722,4.13998619079589,722,3.78438835144043,,
722.5,4.1349877166748,722.5,3.7693920135498,,
723,4.12499076843261,723,3.77938957214355,,
723.5,4.13998619079589,723.5,3.77938957214355,,
724,4.14498466491699,724,3.77938957214355,,
724.5,4.1349877166748,724.5,3.77938957214355,,
725,4.1349877166748,725,3.7693920135498,,
725.5,4.13998619079589,725.5,3.78438835144043,,
726,4.13998619079589,726,3.77938957214355,,
726.5,4.14498466491699,726.5,3.78438835144043,,
727,4.1349877166748,727,3.77938957214355,,
727.5,4.1349877166748,727.5,3.77439079284667,,
728,4.1349877166748,728,3.77439079284667,,
728.5,4.15998008728027,728.5,3.7893871307373,,
729,4.14498466491699,729,3.78438835144043,,
729.5,4.15498161315918,729.5,3.78438835144043,,
730,4.14998313903808,730,3.7893871307373,,
730.5,4.13998619079589,730.5,3.77938957214355,,
731,4.15498161315918,731,3.7893871307373,,
731.5,4.14998313903808,731.5,3.7893871307373,,
732,4.1349877166748,732,3.7693920135498,,
732.5,4.14498466491699,732.5,3.77439079284667,,
733,4.14498466491699,733,3.78438835144043,,
733.5,4.14998313903808,733.5,3.78438835144043,,
734,4.14998313903808,734,3.7893871307373,,
734.5,4.14998313903808,734.5,3.7893871307373,,
735,4.14498466491699,735,3.7893871307373,,
735.5,4.13998619079589,735.5,3.77439079284667,,
736,4.14498466491699,736,3.77938957214355,,
736.5,4.13998619079589,736.5,3.78438835144043,,
737,4.14498466491699,737,3.7893871307373,,
737.5,4.14998313903808,737.5,3.79938468933105,,
738,4.15498161315918,738,3.7893871307373,,
738.5,4.15498161315918,738.5,3.79438591003418,,
739,4.12998924255371,739,3.78438835144043,,
739.5,4.14998313903808,739.5,3.78438835144043,,
740,4.14498466491699,740,3.78438835144043,,
740.5,4.14498466491699,740.5,3.7893871307373,,
741,4.15498161315918,741,3.7893871307373,,
741.5,4.14998313903808,741.5,3.7893871307373,,
742,4.15998008728027,742,3.79438591003418,,
742.5,4.15498161315918,742.5,3.79438591003418,,
743,4.13998619079589,743,3.78438835144043,,
743.5,4.13998619079589,743.5,3.78438835144043,,
744,4.15498161315918,744,3.7893871307373,,
744.5,4.15498161315918,744.5,3.7893871307373,,
745,4.14998313903808,745,3.78438835144043,,
745.5,4.14498466491699,745.5,3.77439079284667,,
746,4.14998313903808,746,3.78438835144043,,
746.5,4.13998619079589,746.5,3.78438835144043,,
747,4.13998619079589,747,3.78438835144043,,
747.5,4.14998313903808,747.5,3.77938957214355,,
748,4.15998008728027,748,3.7893871307373,,
748.5,4.1349877166748,748.5,3.77938957214355,,
749,4.14998313903808,749,3.77938957214355,,
749.5,4.15498161315918,749.5,3.78438835144043,,
