t1,ch1,t1,ch2
0,3.3352318572998,0,-0.00468635559082
0.02,3.36022422790527,0.02,0.00531120300293
0.04,3.38021812438964,0.04,0.000312423706055
0.06,3.4152074432373,0.06,0.010309982299805
0.08,3.45019676208496,0.08,0.00531120300293
0.1,3.47518913269042,0.1,0.010309982299805
0.12,3.50018150329589,0.12,0.00531120300293
0.14,3.52017539978027,0.14,0.010309982299805
0.16,3.54516777038574,0.16,-0.00468635559082
0.18,3.5751586151123,0.18,0.00531120300293
0.2,3.60015098571777,0.2,0.010309982299805
0.22,3.63014183044433,0.22,0.010309982299805
0.24,3.6551342010498,0.24,0.010309982299805
0.26,3.67512809753417,0.26,0.01530876159668
0.28,3.69512199401855,0.28,0.000312423706055
0.3,3.72511283874511,0.3,0.010309982299805
0.32,3.74510673522949,0.32,0.00531120300293
0.34,3.75510368347167,0.34,0.00531120300293
0.36,3.79009300231933,0.36,0.00531120300293
0.38,3.80508842468261,0.38,0.010309982299805
0.4,3.8150853729248,0.4,0.00531120300293
0.42,3.83507926940917,0.42,0.01530876159668
0.44,3.85007469177246,0.44,0.00531120300293
0.46,3.88506401062011,0.46,0.01530876159668
0.48,3.8950609588623,0.48,0.010309982299805
0.5,3.91505485534667,0.5,0.000312423706055
0.52,3.93504875183105,0.52,0.01530876159668
0.54,3.94504570007324,0.54,0.010309982299805
0.56,3.95504264831542,0.56,-0.00468635559082
0.58,3.98003501892089,0.58,0.00531120300293
0.6,4.00002891540527,0.6,0.010309982299805
0.62,4.02002281188964,0.62,0.01530876159668
0.64,4.03001976013183,0.64,0.01530876159668
0.66,4.02502128601074,0.66,0.000312423706055
0.68,4.05001365661621,0.68,0.00531120300293
0.7,4.07500602722167,0.7,0.000312423706055
0.72,4.09000144958496,0.72,0.010309982299805
0.74,4.10499687194824,0.74,0.00531120300293
0.76,4.11499382019042,0.76,0.00531120300293
0.78,4.1349877166748,0.78,0.01530876159668
0.8,4.14998313903808,0.8,0.020307540893555
0.82,4.15498161315918,0.82,0.00531120300293
0.84,4.17997398376464,0.84,0.01530876159668
0.86,4.17997398376464,0.86,0.010309982299805
0.88,4.19496940612793,0.88,0.00531120300293
0.9,4.22496025085449,0.9,0.010309982299805
0.92,4.21996177673339,0.92,0.01530876159668
0.94,4.23995567321777,0.94,0.020307540893555
0.96,4.23995567321777,0.96,0.010309982299805
0.98,4.24995262145996,0.98,0.000312423706055
1,4.25495109558105,1,-0.009685134887695
1.02,4.27494499206542,1.02,0.010309982299805
1.04,4.28994041442871,1.04,0.010309982299805
1.06,4.29993736267089,1.06,0.010309982299805
1.08,4.31993125915527,1.08,0.01530876159668
1.1,4.31993125915527,1.1,0.01530876159668
1.12,4.31493278503418,1.12,-0.00468635559082
1.14,4.33992515563964,1.14,0.01530876159668
1.16,4.35492057800293,1.16,0.01530876159668
1.18,4.34992210388183,1.18,0.00531120300293
1.2,4.36991600036621,1.2,0.01530876159668
1.22,4.3749144744873,1.22,0.010309982299805
1.24,4.38491142272949,1.24,0.020307540893555
1.26,4.38990989685058,1.26,0.020307540893555
1.28,4.39990684509277,1.28,0.010309982299805
1.3,4.40990379333496,1.3,0.020307540893555
1.32,4.40990379333496,1.32,0.00531120300293
1.34,4.42989768981933,1.34,0.010309982299805
1.36,4.43989463806152,1.36,0.01530876159668
1.38,4.44489311218261,1.38,0.01530876159668
1.4,4.44989158630371,1.4,0.00531120300293
1.42,4.45988853454589,1.42,0.01530876159668
1.44,4.45988853454589,1.44,0.00531120300293
1.46,4.45988853454589,1.46,-0.00468635559082
1.48,4.48987937927246,1.48,0.010309982299805
1.5,4.48987937927246,1.5,0.00531120300293
1.52,4.49487785339355,1.52,0.010309982299805
1.54,4.51487174987793,1.54,0.020307540893555
1.56,4.50987327575683,1.56,0.010309982299805
1.58,4.51487174987793,1.58,0.01530876159668
1.6,4.52986717224121,1.6,0.020307540893555
1.62,4.54486259460449,1.62,0.020307540893555
1.64,4.54486259460449,1.64,0.020307540893555
1.66,4.54986106872558,1.66,0.020307540893555
1.68,4.54986106872558,1.68,0.01530876159668
1.7,4.54986106872558,1.7,0.00531120300293
1.72,4.56985496520996,1.72,0.020307540893555
1.74,4.57985191345214,1.74,0.01530876159668
1.76,4.57485343933105,1.76,0.010309982299805
1.78,4.57985191345214,1.78,0.00531120300293
1.8,4.58485038757324,1.8,0.01530876159668
1.82,4.58485038757324,1.82,0.010309982299805
1.84,4.59984580993652,1.84,0.01530876159668
1.86,4.58984886169433,1.86,0.010309982299805
1.88,4.60984275817871,1.88,0.020307540893555
1.9,4.59984580993652,1.9,-0.00468635559082
1.92,4.6148412322998,1.92,0.000312423706055
1.94,4.62483818054199,1.94,0.010309982299805
1.96,4.61983970642089,1.96,0.00531120300293
1.98,4.62983665466308,1.98,0.01530876159668
2,4.62483818054199,2,0.01530876159668
2.02,4.62983665466308,2.02,0.01530876159668
2.04,4.62983665466308,2.04,0.00531120300293
2.06,4.63983360290527,2.06,0.010309982299805
2.08,4.64983055114746,2.08,0.00531120300293
2.1,4.64983055114746,2.1,0.000312423706055
2.12,4.65982749938964,2.12,0.00531120300293
2.14,4.65982749938964,2.14,0.00531120300293
2.16,4.64983055114746,2.16,-0.009685134887695
2.18,4.66482597351074,2.18,0.00531120300293
2.2,4.66482597351074,2.2,0.010309982299805
2.22,4.67482292175293,2.22,0.00531120300293
2.24,4.66982444763183,2.24,0.00531120300293
2.26,4.68481986999511,2.26,0.000312423706055
2.28,4.68481986999511,2.28,0.01530876159668
2.3,4.69981529235839,2.3,0.00531120300293
2.32,4.69981529235839,2.32,0.01530876159668
2.34,4.69981529235839,2.34,0.00531120300293
2.36,4.70481376647949,2.36,0.030305099487305
2.38,4.70481376647949,2.38,0.010309982299805
2.4,4.70981224060058,2.4,0.020307540893555
2.42,4.71980918884277,2.42,0.00531120300293
2.44,4.70981224060058,2.44,0.01530876159668
2.46,4.71980918884277,2.46,0.010309982299805
2.48,4.71481071472167,2.48,0.000312423706055
2.5,4.72480766296386,2.5,0.010309982299805
2.52,4.72480766296386,2.52,0.01530876159668
2.54,4.72980613708496,2.54,0.010309982299805
2.56,4.72480766296386,2.56,0.010309982299805
2.58,4.73480461120605,2.58,0.010309982299805
2.6,4.72480766296386,2.6,0.000312423706055
2.62,4.72980613708496,2.62,0.00531120300293
2.64,4.73480461120605,2.64,0.010309982299805
2.66,4.73980308532714,2.66,0.00531120300293
2.68,4.73980308532714,2.68,0.010309982299805
2.7,4.73480461120605,2.7,0.000312423706055
2.72,4.74980003356933,2.72,0.01530876159668
2.74,4.73980308532714,2.74,0.01530876159668
2.76,4.74980003356933,2.76,0.010309982299805
2.78,4.75979698181152,2.78,0.01530876159668
2.8,4.75479850769042,2.8,0.010309982299805
2.82,4.75979698181152,2.82,-0.00468635559082
2.84,4.75479850769042,2.84,0.000312423706055
2.86,4.75479850769042,2.86,0.000312423706055
2.88,4.76479545593261,2.88,0.00531120300293
2.9,4.75979698181152,2.9,0.00531120300293
2.92,4.75979698181152,2.92,-0.00468635559082
2.94,4.76479545593261,2.94,0.00531120300293
2.96,4.76979393005371,2.96,0.00531120300293
2.98,4.76479545593261,2.98,0.000312423706055
3,4.76979393005371,3,0.00531120300293
3.02,4.76479545593261,3.02,0.00531120300293
3.04,4.7747924041748,3.04,0.010309982299805
3.06,4.76979393005371,3.06,0.00531120300293
3.08,4.77979087829589,3.08,0.00531120300293
3.1,4.77979087829589,3.1,0.010309982299805
3.12,4.7747924041748,3.12,0.000312423706055
3.14,4.77979087829589,3.14,0.01530876159668
3.16,4.78478935241699,3.16,0.01530876159668
3.18,4.78478935241699,3.18,0.010309982299805
3.2,4.78478935241699,3.2,0.01530876159668
3.22,4.77979087829589,3.22,0.00531120300293
3.24,4.78478935241699,3.24,0.00531120300293
3.26,4.78478935241699,3.26,0.01530876159668
3.28,4.78478935241699,3.28,0.00531120300293
3.3,4.78978782653808,3.3,0.000312423706055
3.32,4.78978782653808,3.32,0.01530876159668
3.34,4.79478630065917,3.34,0.00531120300293
3.36,4.78478935241699,3.36,0.00531120300293
3.38,4.80478324890136,3.38,0.01530876159668
3.4,4.78478935241699,3.4,-0.00468635559082
3.42,4.80978172302246,3.42,0.010309982299805
3.44,4.81478019714355,3.44,0.01530876159668
3.46,4.80478324890136,3.46,0.010309982299805
3.48,4.80478324890136,3.48,0.00531120300293
3.5,4.79478630065917,3.5,-0.00468635559082
3.52,4.80978172302246,3.52,0.01530876159668
3.54,4.80978172302246,3.54,0.01530876159668
3.56,4.80978172302246,3.56,0.01530876159668
3.58,4.80478324890136,3.58,0.00531120300293
3.6,4.81977867126464,3.6,0.000312423706055
3.62,4.80978172302246,3.62,0.01530876159668
3.64,4.81977867126464,3.64,0.020307540893555
3.66,4.81478019714355,3.66,0.01530876159668
3.68,4.81478019714355,3.68,0.010309982299805
3.7,4.81977867126464,3.7,0.010309982299805
3.72,4.81977867126464,3.72,0.01530876159668
3.74,4.81977867126464,3.74,0.01530876159668
3.76,4.81478019714355,3.76,0.000312423706055
3.78,4.82977561950683,3.78,0.02530632019043
3.8,4.82477714538574,3.8,0.010309982299805
3.82,4.81977867126464,3.82,0.01530876159668
3.84,4.81977867126464,3.84,0.010309982299805
3.86,4.82977561950683,3.86,0.01530876159668
3.88,4.82477714538574,3.88,0.01530876159668
3.9,4.82477714538574,3.9,0.01530876159668
3.92,4.81977867126464,3.92,0.00531120300293
3.94,4.82977561950683,3.94,0.01530876159668
3.96,4.83477409362793,3.96,0.01530876159668
3.98,4.83477409362793,3.98,0.01530876159668
4,4.82477714538574,4,0.000312423706055
4.02,4.82977561950683,4.02,0.020307540893555
4.04,4.82977561950683,4.04,0.020307540893555
4.06,4.82477714538574,4.06,0.010309982299805
4.08,4.83477409362793,4.08,0.00531120300293
4.1,4.83477409362793,4.1,0.00531120300293
4.12,4.83477409362793,4.12,0.010309982299805
4.14,4.83977256774902,4.14,0.010309982299805
4.16,4.82977561950683,4.16,0.020307540893555
4.18,4.84477104187011,4.18,0.020307540893555
4.2,4.83477409362793,4.2,0.00531120300293
4.22,4.83477409362793,4.22,0.010309982299805
4.24,4.83477409362793,4.24,0.020307540893555
4.26,4.83477409362793,4.26,0.01530876159668
4.28,4.83977256774902,4.28,0.010309982299805
4.3,4.84477104187011,4.3,0.010309982299805
4.32,4.84477104187011,4.32,0.01530876159668
4.34,4.82977561950683,4.34,0.01530876159668
4.36,4.83477409362793,4.36,0.010309982299805
4.38,4.84477104187011,4.38,0.01530876159668
4.4,4.84477104187011,4.4,0.01530876159668
4.42,4.83477409362793,4.42,0.010309982299805
4.44,4.83977256774902,4.44,0.010309982299805
4.46,4.84477104187011,4.46,0.010309982299805
4.48,4.83477409362793,4.48,0.00531120300293
4.5,4.83977256774902,4.5,0.00531120300293
4.52,4.84477104187011,4.52,0.010309982299805
4.54,4.84976951599121,4.54,0.010309982299805
4.56,4.84976951599121,4.56,0.01530876159668
4.58,4.8547679901123,4.58,0.01530876159668
4.6,4.83977256774902,4.6,0.00531120300293
4.62,4.84477104187011,4.62,0.010309982299805
4.64,4.84976951599121,4.64,0.01530876159668
4.66,4.85976646423339,4.66,0.01530876159668
4.68,4.85976646423339,4.68,0.02530632019043
4.7,4.8547679901123,4.7,0.010309982299805
4.72,4.85976646423339,4.72,0.01530876159668
4.74,4.84477104187011,4.74,0.010309982299805
4.76,4.84976951599121,4.76,0.020307540893555
4.78,4.86976341247558,4.78,0.01530876159668
4.8,4.84976951599121,4.8,0.010309982299805
4.82,4.84976951599121,4.82,0.01530876159668
4.84,4.86476493835449,4.84,0.01530876159668
4.86,4.84477104187011,4.86,0.00531120300293
4.88,4.8547679901123,4.88,0.020307540893555
4.9,4.8547679901123,4.9,0.010309982299805
4.92,4.84976951599121,4.92,0.010309982299805
4.94,4.84477104187011,4.94,0.010309982299805
4.96,4.84976951599121,4.96,0.00531120300293
4.98,4.84976951599121,4.98,0.000312423706055
5,4.85976646423339,5,0.020307540893555
5.02,4.8547679901123,5.02,0.01530876159668
5.04,4.8547679901123,5.04,0.010309982299805
5.06,4.8547679901123,5.06,0.00531120300293
5.08,4.8547679901123,5.08,0.00531120300293
5.1,4.85976646423339,5.1,0.010309982299805
5.12,4.84976951599121,5.12,-0.00468635559082
5.14,4.86976341247558,5.14,0.000312423706055
5.16,4.86476493835449,5.16,0.010309982299805
5.18,4.85976646423339,5.18,0.00531120300293
5.2,4.84477104187011,5.2,0.000312423706055
5.22,4.8547679901123,5.22,0.00531120300293
5.24,4.8547679901123,5.24,0.010309982299805
5.26,4.86476493835449,5.26,0.00531120300293
5.28,4.84976951599121,5.28,0.00531120300293
5.3,4.86476493835449,5.3,0.00531120300293
5.32,4.8547679901123,5.32,0.000312423706055
5.34,4.86976341247558,5.34,0.000312423706055
5.36,4.8547679901123,5.36,0.010309982299805
5.38,4.8547679901123,5.38,0.010309982299805
5.4,4.84976951599121,5.4,0.00531120300293
5.42,4.85976646423339,5.42,0.010309982299805
5.44,4.8547679901123,5.44,0.000312423706055
5.46,4.85976646423339,5.46,0.00531120300293
5.48,4.85976646423339,5.48,0.010309982299805
5.5,4.86476493835449,5.5,0.010309982299805
5.52,4.8547679901123,5.52,0.00531120300293
5.54,4.85976646423339,5.54,0.00531120300293
5.56,4.86476493835449,5.56,0.010309982299805
5.58,4.86476493835449,5.58,0.01530876159668
5.6,4.8547679901123,5.6,0.010309982299805
5.62,4.8547679901123,5.62,0.010309982299805
5.64,4.8547679901123,5.64,0.00531120300293
5.66,4.86476493835449,5.66,0.010309982299805
5.68,4.86976341247558,5.68,0.010309982299805
5.7,4.86976341247558,5.7,0.01530876159668
5.72,4.85976646423339,5.72,0.01530876159668
5.74,4.85976646423339,5.74,0.010309982299805
5.76,4.86476493835449,5.76,0.00531120300293
5.78,4.86476493835449,5.78,0.00531120300293
5.8,4.86476493835449,5.8,0.020307540893555
5.82,4.86476493835449,5.82,0.010309982299805
5.84,4.86476493835449,5.84,0.000312423706055
5.86,4.85976646423339,5.86,0.000312423706055
5.88,4.86476493835449,5.88,0.01530876159668
5.9,4.86476493835449,5.9,0.010309982299805
5.92,4.8547679901123,5.92,0.010309982299805
5.94,4.8547679901123,5.94,0.000312423706055
5.96,4.85976646423339,5.96,0.000312423706055
5.98,4.86476493835449,5.98,0.01530876159668
6,4.8547679901123,6,0.000312423706055
6.02,4.85976646423339,6.02,0.000312423706055
6.04,4.86476493835449,6.04,0.01530876159668
6.06,4.85976646423339,6.06,0.010309982299805
6.08,4.86476493835449,6.08,0.01530876159668
6.1,4.85976646423339,6.1,0.01530876159668
6.12,4.86976341247558,6.12,0.010309982299805
6.14,4.86976341247558,6.14,0.020307540893555
6.16,4.87476188659667,6.16,0.01530876159668
6.18,4.85976646423339,6.18,0.000312423706055
6.2,4.86476493835449,6.2,0.00531120300293
6.22,4.85976646423339,6.22,0.010309982299805
6.24,4.84976951599121,6.24,-0.00468635559082
6.26,4.87476188659667,6.26,0.00531120300293
6.28,4.86476493835449,6.28,0.010309982299805
6.3,4.86476493835449,6.3,0.010309982299805
6.32,4.86976341247558,6.32,0.010309982299805
6.34,4.87476188659667,6.34,0.010309982299805
6.36,4.85976646423339,6.36,0.01530876159668
6.38,4.85976646423339,6.38,0.00531120300293
6.4,4.86476493835449,6.4,0.00531120300293
6.42,4.87476188659667,6.42,0.010309982299805
6.44,4.86476493835449,6.44,0.00531120300293
6.46,4.86476493835449,6.46,0.010309982299805
6.48,4.86476493835449,6.48,0.010309982299805
6.5,4.86976341247558,6.5,0.00531120300293
6.52,4.85976646423339,6.52,-0.00468635559082
6.54,4.87476188659667,6.54,0.01530876159668
6.56,4.86976341247558,6.56,0.00531120300293
6.58,4.88475883483886,6.58,0.01530876159668
6.6,4.86476493835449,6.6,0.010309982299805
6.62,4.86476493835449,6.62,0.010309982299805
6.64,4.87976036071777,6.64,0.01530876159668
6.66,4.86976341247558,6.66,0.00531120300293
6.68,4.85976646423339,6.68,0.00531120300293
6.7,4.86976341247558,6.7,0.010309982299805
6.72,4.86476493835449,6.72,0.000312423706055
6.74,4.86976341247558,6.74,0.01530876159668
6.76,4.87476188659667,6.76,0.010309982299805
6.78,4.87476188659667,6.78,0.010309982299805
6.8,4.86976341247558,6.8,0.010309982299805
6.82,4.88475883483886,6.82,0.010309982299805
6.84,4.86976341247558,6.84,0.010309982299805
6.86,4.86976341247558,6.86,0.00531120300293
6.88,4.86976341247558,6.88,0.010309982299805
6.9,4.85976646423339,6.9,0.00531120300293
6.92,4.87476188659667,6.92,0.010309982299805
6.94,4.86476493835449,6.94,0.00531120300293
6.96,4.87476188659667,6.96,0.010309982299805
6.98,4.87476188659667,6.98,0.01530876159668
7,4.87976036071777,7,0.020307540893555
7.02,4.86976341247558,7.02,0.010309982299805
7.04,4.86476493835449,7.04,0.000312423706055
7.06,4.86976341247558,7.06,0.00531120300293
7.08,4.86976341247558,7.08,0.000312423706055
7.1,4.86476493835449,7.1,0.010309982299805
7.12,4.86476493835449,7.12,0.010309982299805
7.14,4.86976341247558,7.14,0.000312423706055
7.16,4.86976341247558,7.16,0.00531120300293
7.18,4.86976341247558,7.18,0.010309982299805
7.2,4.86476493835449,7.2,0.00531120300293
7.22,4.87476188659667,7.22,0.010309982299805
7.24,4.86476493835449,7.24,0.01530876159668
7.26,4.86976341247558,7.26,0.020307540893555
7.28,4.86976341247558,7.28,0.010309982299805
7.3,4.86976341247558,7.3,0.000312423706055
7.32,4.87476188659667,7.32,0.00531120300293
7.34,4.85976646423339,7.34,-0.00468635559082
7.36,4.86976341247558,7.36,0.00531120300293
7.38,4.87476188659667,7.38,0.01530876159668
7.4,4.86976341247558,7.4,0.00531120300293
7.42,4.87476188659667,7.42,0.000312423706055
7.44,4.86976341247558,7.44,0.00531120300293
7.46,4.85976646423339,7.46,0.000312423706055
7.48,4.86976341247558,7.48,0.00531120300293
7.5,4.85976646423339,7.5,0.000312423706055
7.52,4.87476188659667,7.52,0.00531120300293
7.54,4.85976646423339,7.54,0.000312423706055
7.56,4.87476188659667,7.56,0.010309982299805
7.58,4.87476188659667,7.58,0.01530876159668
7.6,4.86976341247558,7.6,0.00531120300293
7.62,4.87476188659667,7.62,0.01530876159668
7.64,4.87976036071777,7.64,0.010309982299805
7.66,4.87976036071777,7.66,0.010309982299805
7.68,4.86476493835449,7.68,0.00531120300293
7.7,4.86976341247558,7.7,0.00531120300293
7.72,4.87476188659667,7.72,0.010309982299805
7.74,4.87976036071777,7.74,0.01530876159668
7.76,4.87476188659667,7.76,0.01530876159668
7.78,4.86476493835449,7.78,0.010309982299805
7.8,4.87476188659667,7.8,0.010309982299805
7.82,4.85976646423339,7.82,0.000312423706055
7.84,4.87476188659667,7.84,0.010309982299805
7.86,4.86976341247558,7.86,-0.00468635559082
7.88,4.86476493835449,7.88,0.010309982299805
7.9,4.86476493835449,7.9,0.00531120300293
7.92,4.87476188659667,7.92,0.01530876159668
7.94,4.86976341247558,7.94,0.020307540893555
7.96,4.87476188659667,7.96,0.00531120300293
7.98,4.86476493835449,7.98,0.000312423706055
8,4.86976341247558,8,0.010309982299805
8.02,4.87476188659667,8.02,0.010309982299805
8.04,4.86476493835449,8.04,0.00531120300293
8.06,4.86976341247558,8.06,0.010309982299805
8.08,4.87476188659667,8.08,0.00531120300293
8.1,4.86976341247558,8.1,0.01530876159668
8.12,4.87476188659667,8.12,0.00531120300293
8.14,4.86976341247558,8.14,0.020307540893555
8.16,4.87476188659667,8.16,0.00531120300293
8.18,4.86476493835449,8.18,0.000312423706055
8.2,4.86976341247558,8.2,0.00531120300293
8.22,4.87476188659667,8.22,0.01530876159668
8.24,4.87976036071777,8.24,0.00531120300293
8.26,4.87976036071777,8.26,0.010309982299805
8.28,4.87976036071777,8.28,0.010309982299805
8.3,4.87976036071777,8.3,0.010309982299805
8.32,4.86976341247558,8.32,0.010309982299805
8.34,4.86476493835449,8.34,0.00531120300293
8.36,4.87476188659667,8.36,0.010309982299805
8.38,4.87476188659667,8.38,0.010309982299805
8.4,4.87976036071777,8.4,0.00531120300293
8.42,4.87476188659667,8.42,0.00531120300293
8.44,4.86976341247558,8.44,0.000312423706055
8.46,4.86976341247558,8.46,0.000312423706055
8.48,4.87476188659667,8.48,0.010309982299805
8.5,4.87476188659667,8.5,0.000312423706055
8.52,4.87476188659667,8.52,0.00531120300293
8.54,4.86976341247558,8.54,0.000312423706055
8.56,4.87976036071777,8.56,0.00531120300293
8.58,4.86976341247558,8.58,0.00531120300293
8.6,4.86976341247558,8.6,0.00531120300293
8.62,4.86976341247558,8.62,0.00531120300293
8.64,4.86976341247558,8.64,0.010309982299805
8.66,4.87976036071777,8.66,0.010309982299805
8.68,4.87976036071777,8.68,0.00531120300293
8.7,4.86476493835449,8.7,0.000312423706055
8.72,4.88475883483886,8.72,0.01530876159668
8.74,4.87476188659667,8.74,0.010309982299805
8.76,4.87476188659667,8.76,0.01530876159668
8.78,4.87476188659667,8.78,0.00531120300293
8.8,4.87476188659667,8.8,0.010309982299805
8.82,4.86976341247558,8.82,0.010309982299805
8.84,4.87976036071777,8.84,0.01530876159668
8.86,4.87476188659667,8.86,0.010309982299805
8.88,4.85976646423339,8.88,0.00531120300293
8.9,4.87476188659667,8.9,0.00531120300293
8.92,4.87476188659667,8.92,0.010309982299805
8.94,4.87476188659667,8.94,0.000312423706055
8.96,4.86976341247558,8.96,0.010309982299805
8.98,4.86976341247558,8.98,0.01530876159668
9,4.87976036071777,9,0.01530876159668
9.02,4.86976341247558,9.02,0.00531120300293
9.04,4.87476188659667,9.04,0.010309982299805
9.06,4.86476493835449,9.06,0.010309982299805
9.08,4.86976341247558,9.08,0.000312423706055
9.1,4.87476188659667,9.1,0.00531120300293
9.12,4.87476188659667,9.12,0.000312423706055
9.14,4.85976646423339,9.14,-0.00468635559082
9.16,4.86476493835449,9.16,0.00531120300293
9.18,4.87476188659667,9.18,0.010309982299805
9.2,4.87476188659667,9.2,0.01530876159668
9.22,4.87976036071777,9.22,0.010309982299805
9.24,4.87976036071777,9.24,0.010309982299805
9.26,4.87476188659667,9.26,0.000312423706055
9.28,4.87476188659667,9.28,0.010309982299805
9.3,4.87976036071777,9.3,-0.009685134887695
9.32,4.87976036071777,9.32,0.020307540893555
9.34,4.87476188659667,9.34,0.00531120300293
9.36,4.87976036071777,9.36,0.01530876159668
9.38,4.87476188659667,9.38,0.010309982299805
9.4,4.86976341247558,9.4,-0.009685134887695
9.42,4.87476188659667,9.42,0.00531120300293
9.44,4.86976341247558,9.44,-0.00468635559082
9.46,4.87976036071777,9.46,0.01530876159668
9.48,4.87476188659667,9.48,0.010309982299805
9.5,4.86976341247558,9.5,0.010309982299805
9.52,4.87976036071777,9.52,0.00531120300293
9.54,4.87476188659667,9.54,0.010309982299805
9.56,4.87976036071777,9.56,0.01530876159668
9.58,4.87476188659667,9.58,0.010309982299805
9.6,4.86976341247558,9.6,0.000312423706055
9.62,4.87976036071777,9.62,0.01530876159668
9.64,4.87476188659667,9.64,0.010309982299805
9.66,4.87476188659667,9.66,0.00531120300293
9.68,4.86976341247558,9.68,0.000312423706055
9.7,4.87976036071777,9.7,0.010309982299805
9.72,4.87976036071777,9.72,0.010309982299805
9.74,4.87976036071777,9.74,0.000312423706055
9.76,4.87976036071777,9.76,0.010309982299805
9.78,4.88475883483886,9.78,0.010309982299805
9.8,4.87476188659667,9.8,0.010309982299805
9.82,4.87976036071777,9.82,0.010309982299805
9.84,4.87476188659667,9.84,0.010309982299805
9.86,4.87976036071777,9.86,0.000312423706055
9.88,4.87976036071777,9.88,0.010309982299805
9.9,4.86976341247558,9.9,0.00531120300293
9.92,4.87976036071777,9.92,0.010309982299805
9.94,4.86976341247558,9.94,0.00531120300293
9.96,4.88475883483886,9.96,0.01530876159668
9.98,4.87976036071777,9.98,0.00531120300293
10,4.87976036071777,10,0.01530876159668
10.02,4.85976646423339,10.02,0.000312423706055
10.04,4.86976341247558,10.04,0.00531120300293
10.06,4.87976036071777,10.06,0.010309982299805
10.08,4.88475883483886,10.08,0.020307540893555
10.1,4.87976036071777,10.1,0.010309982299805
10.12,4.87476188659667,10.12,0.010309982299805
10.14,4.88475883483886,10.14,0.01530876159668
10.16,4.87476188659667,10.16,0.01530876159668
10.18,4.88475883483886,10.18,0.01530876159668
10.2,4.86976341247558,10.2,0.00531120300293
10.22,4.86976341247558,10.22,0.010309982299805
10.24,4.87476188659667,10.24,0.010309982299805
10.26,4.87476188659667,10.26,0.00531120300293
10.28,4.87476188659667,10.28,0.010309982299805
10.3,4.88975730895996,10.3,0.02530632019043
10.32,4.87976036071777,10.32,0.02530632019043
10.34,4.87976036071777,10.34,0.000312423706055
10.36,4.86976341247558,10.36,0.010309982299805
10.38,4.87476188659667,10.38,0.010309982299805
10.4,4.87476188659667,10.4,0.01530876159668
10.42,4.86976341247558,10.42,0.01530876159668
10.44,4.88475883483886,10.44,0.010309982299805
10.46,4.86976341247558,10.46,0.00531120300293
10.48,4.86976341247558,10.48,0.00531120300293
10.5,4.87476188659667,10.5,0.020307540893555
10.52,4.86476493835449,10.52,0.00531120300293
10.54,4.85976646423339,10.54,0.000312423706055
10.56,4.87476188659667,10.56,0.00531120300293
10.58,4.86476493835449,10.58,0.010309982299805
10.6,4.8547679901123,10.6,0.00531120300293
10.62,4.87476188659667,10.62,0.000312423706055
10.64,4.86976341247558,10.64,-0.00468635559082
10.66,4.87976036071777,10.66,0.010309982299805
10.68,4.88475883483886,10.68,0.01530876159668
10.7,4.87976036071777,10.7,0.01530876159668
10.72,4.88475883483886,10.72,0.010309982299805
10.74,4.87476188659667,10.74,0.010309982299805
10.76,4.87976036071777,10.76,0.010309982299805
10.78,4.86976341247558,10.78,0.010309982299805
10.8,4.88475883483886,10.8,0.01530876159668
10.82,4.86976341247558,10.82,0.010309982299805
10.84,4.87976036071777,10.84,0.00531120300293
10.86,4.87976036071777,10.86,0.020307540893555
10.88,4.88475883483886,10.88,0.01530876159668
10.9,4.88475883483886,10.9,0.00531120300293
10.92,4.87976036071777,10.92,0.01530876159668
10.94,4.86976341247558,10.94,0.00531120300293
10.96,4.87476188659667,10.96,0.01530876159668
10.98,4.87476188659667,10.98,0.00531120300293
11,4.87976036071777,11,0.00531120300293
11.02,4.86476493835449,11.02,0.00531120300293
11.04,4.88475883483886,11.04,0.020307540893555
11.06,4.87976036071777,11.06,0.01530876159668
11.08,4.86976341247558,11.08,0.00531120300293
11.1,4.87976036071777,11.1,0.010309982299805
11.12,4.87976036071777,11.12,0.010309982299805
11.14,4.87476188659667,11.14,0.010309982299805
11.16,4.86976341247558,11.16,0.00531120300293
11.18,4.85976646423339,11.18,0.000312423706055
11.2,4.86976341247558,11.2,0.010309982299805
11.22,4.86976341247558,11.22,0.000312423706055
11.24,4.87976036071777,11.24,0.01530876159668
11.26,4.86976341247558,11.26,0.00531120300293
11.28,4.87476188659667,11.28,0.010309982299805
11.3,4.87976036071777,11.3,0.000312423706055
11.32,4.85976646423339,11.32,-0.009685134887695
11.34,4.88475883483886,11.34,0.01530876159668
11.36,4.87976036071777,11.36,0.01530876159668
11.38,4.86476493835449,11.38,0.010309982299805
11.4,4.87976036071777,11.4,0.01530876159668
11.42,4.87476188659667,11.42,0.010309982299805
11.44,4.86976341247558,11.44,0.00531120300293
11.46,4.87476188659667,11.46,0.00531120300293
11.48,4.87976036071777,11.48,0.01530876159668
11.5,4.88475883483886,11.5,0.020307540893555
11.52,4.87476188659667,11.52,0.01530876159668
11.54,4.87476188659667,11.54,0.010309982299805
11.56,4.88475883483886,11.56,0.010309982299805
11.58,4.87976036071777,11.58,-0.00468635559082
11.6,4.86476493835449,11.6,0.00531120300293
11.62,4.88475883483886,11.62,0.00531120300293
11.64,4.87976036071777,11.64,0.00531120300293
11.66,4.88475883483886,11.66,0.01530876159668
11.68,4.87476188659667,11.68,0.00531120300293
11.7,4.87976036071777,11.7,0.010309982299805
11.72,4.87476188659667,11.72,0.00531120300293
11.74,4.87976036071777,11.74,0.010309982299805
11.76,4.87976036071777,11.76,0.00531120300293
11.78,4.87976036071777,11.78,0.010309982299805
11.8,4.87476188659667,11.8,0.00531120300293
11.82,4.87476188659667,11.82,0.010309982299805
11.84,4.87476188659667,11.84,0.010309982299805
11.86,4.87976036071777,11.86,0.01530876159668
11.88,4.87476188659667,11.88,0.00531120300293
11.9,4.87976036071777,11.9,-0.009685134887695
11.92,4.87976036071777,11.92,0.010309982299805
11.94,4.87976036071777,11.94,0.00531120300293
11.96,4.87476188659667,11.96,0.00531120300293
11.98,4.87476188659667,11.98,0.010309982299805
12,4.87976036071777,12,0.01530876159668
12.02,4.86476493835449,12.02,0.010309982299805
12.04,4.88975730895996,12.04,0.01530876159668
12.06,4.87476188659667,12.06,0.00531120300293
12.08,4.87976036071777,12.08,0.010309982299805
12.1,4.87476188659667,12.1,0.01530876159668
12.12,4.86976341247558,12.12,0.00531120300293
12.14,4.86976341247558,12.14,0.020307540893555
12.16,4.87976036071777,12.16,0.01530876159668
12.18,4.88475883483886,12.18,0.00531120300293
12.2,4.87476188659667,12.2,0.010309982299805
12.22,4.86976341247558,12.22,0.00531120300293
12.24,4.87976036071777,12.24,0.010309982299805
12.26,4.87476188659667,12.26,0.00531120300293
12.28,4.86976341247558,12.28,0.00531120300293
12.3,4.88475883483886,12.3,0.00531120300293
12.32,4.86976341247558,12.32,-0.00468635559082
12.34,4.88475883483886,12.34,0.000312423706055
12.36,4.87976036071777,12.36,0.010309982299805
12.38,4.87476188659667,12.38,0.010309982299805
12.4,4.86476493835449,12.4,0.000312423706055
12.42,4.87476188659667,12.42,0.00531120300293
12.44,4.88475883483886,12.44,0.020307540893555
12.46,4.87976036071777,12.46,0.010309982299805
12.48,4.87976036071777,12.48,0.020307540893555
12.5,4.87476188659667,12.5,0.000312423706055
12.52,4.88975730895996,12.52,0.010309982299805
12.54,4.87976036071777,12.54,0.01530876159668
12.56,4.86976341247558,12.56,0.010309982299805
12.58,4.87476188659667,12.58,0.00531120300293
12.6,4.88475883483886,12.6,0.000312423706055
12.62,4.86976341247558,12.62,0.00531120300293
12.64,4.85976646423339,12.64,0.000312423706055
12.66,4.88475883483886,12.66,0.01530876159668
12.68,4.87976036071777,12.68,0.00531120300293
12.7,4.87976036071777,12.7,0.00531120300293
12.72,4.87476188659667,12.72,0.010309982299805
12.74,4.87976036071777,12.74,0.010309982299805
12.76,4.88475883483886,12.76,0.010309982299805
12.78,4.87976036071777,12.78,0.01530876159668
12.8,4.88475883483886,12.8,0.000312423706055
12.82,4.86976341247558,12.82,0.00531120300293
12.84,4.87476188659667,12.84,0.00531120300293
12.86,4.86976341247558,12.86,0.00531120300293
12.88,4.87476188659667,12.88,0.00531120300293
12.9,4.87976036071777,12.9,-0.00468635559082
12.92,4.87476188659667,12.92,0.010309982299805
12.94,4.86976341247558,12.94,0.010309982299805
12.96,4.87476188659667,12.96,0.010309982299805
12.98,4.87476188659667,12.98,0.00531120300293
13,4.87476188659667,13,0.010309982299805
13.02,4.87476188659667,13.02,0.00531120300293
13.04,4.87476188659667,13.04,0.00531120300293
13.06,4.86976341247558,13.06,0.00531120300293
13.08,4.87976036071777,13.08,0.010309982299805
13.1,4.87976036071777,13.1,0.00531120300293
13.12,4.87476188659667,13.12,0.010309982299805
13.14,4.86476493835449,13.14,-0.00468635559082
13.16,4.86976341247558,13.16,0.000312423706055
13.18,4.87476188659667,13.18,0.00531120300293
13.2,4.86976341247558,13.2,0.00531120300293
13.22,4.86976341247558,13.22,0.00531120300293
13.24,4.87976036071777,13.24,0.01530876159668
13.26,4.87476188659667,13.26,0.010309982299805
13.28,4.86976341247558,13.28,0.00531120300293
13.3,4.86476493835449,13.3,0.000312423706055
13.32,4.87976036071777,13.32,0.01530876159668
13.34,4.87976036071777,13.34,0.010309982299805
13.36,4.87976036071777,13.36,0.01530876159668
13.38,4.87476188659667,13.38,0.000312423706055
13.4,4.87476188659667,13.4,0.00531120300293
13.42,4.87476188659667,13.42,0.010309982299805
13.44,4.87476188659667,13.44,0.000312423706055
13.46,4.86976341247558,13.46,0.000312423706055
13.48,4.87976036071777,13.48,0.010309982299805
13.5,4.87976036071777,13.5,0.010309982299805
13.52,4.87476188659667,13.52,0.010309982299805
13.54,4.87476188659667,13.54,0.00531120300293
13.56,4.87976036071777,13.56,0.00531120300293
13.58,4.88475883483886,13.58,0.000312423706055
13.6,4.88475883483886,13.6,0.020307540893555
13.62,4.87976036071777,13.62,0.00531120300293
13.64,4.87476188659667,13.64,0.01530876159668
13.66,4.87976036071777,13.66,0.010309982299805
13.68,4.87976036071777,13.68,0.01530876159668
13.7,4.86976341247558,13.7,0.010309982299805
13.72,4.86476493835449,13.72,-0.00468635559082
13.74,4.87976036071777,13.74,0.010309982299805
13.76,4.87476188659667,13.76,0.00531120300293
13.78,4.88475883483886,13.78,0.020307540893555
13.8,4.87976036071777,13.8,0.00531120300293
13.82,4.86476493835449,13.82,-0.00468635559082
13.84,4.86476493835449,13.84,0.00531120300293
13.86,4.87976036071777,13.86,0.01530876159668
13.88,4.86476493835449,13.88,0.00531120300293
13.9,4.86976341247558,13.9,0.00531120300293
13.92,4.86976341247558,13.92,0.00531120300293
13.94,4.87476188659667,13.94,0.00531120300293
13.96,4.87976036071777,13.96,0.010309982299805
13.98,4.87976036071777,13.98,0.00531120300293
14,4.87476188659667,14,0.010309982299805
14.02,4.87976036071777,14.02,0.010309982299805
14.04,4.87476188659667,14.04,0.01530876159668
14.06,4.87476188659667,14.06,0.010309982299805
14.08,4.87476188659667,14.08,0.010309982299805
14.1,4.88975730895996,14.1,0.010309982299805
14.12,4.87976036071777,14.12,0.010309982299805
14.14,4.87476188659667,14.14,0.00531120300293
14.16,4.87476188659667,14.16,0.010309982299805
14.18,4.87476188659667,14.18,0.010309982299805
14.2,4.86976341247558,14.2,0.00531120300293
14.22,4.87976036071777,14.22,0.00531120300293
14.24,4.87976036071777,14.24,0.010309982299805
14.26,4.87476188659667,14.26,0.00531120300293
14.28,4.87476188659667,14.28,0.010309982299805
14.3,4.87476188659667,14.3,0.010309982299805
14.32,4.87476188659667,14.32,0.020307540893555
14.34,4.87976036071777,14.34,0.01530876159668
14.36,4.87976036071777,14.36,0.00531120300293
14.38,4.87476188659667,14.38,0.01530876159668
14.4,4.88975730895996,14.4,0.00531120300293
14.42,4.88475883483886,14.42,0.01530876159668
14.44,4.87976036071777,14.44,0.010309982299805
14.46,4.87976036071777,14.46,0.00531120300293
14.48,4.86976341247558,14.48,0.010309982299805
14.5,4.87476188659667,14.5,0.00531120300293
14.52,4.86976341247558,14.52,0.010309982299805
14.54,4.88475883483886,14.54,0.020307540893555
14.56,4.88475883483886,14.56,0.00531120300293
14.58,4.87476188659667,14.58,0.00531120300293
14.6,4.87476188659667,14.6,0.000312423706055
14.62,4.88475883483886,14.62,0.01530876159668
14.64,4.88475883483886,14.64,0.01530876159668
14.66,4.88975730895996,14.66,0.01530876159668
14.68,4.86976341247558,14.68,-0.009685134887695
14.7,4.87976036071777,14.7,0.01530876159668
14.72,4.88475883483886,14.72,0.00531120300293
14.74,4.87976036071777,14.74,0.000312423706055
14.76,4.87976036071777,14.76,0.010309982299805
14.78,4.87476188659667,14.78,0.00531120300293
14.8,4.88975730895996,14.8,0.020307540893555
14.82,4.87476188659667,14.82,0.00531120300293
14.84,4.87476188659667,14.84,0.00531120300293
14.86,4.87976036071777,14.86,0.01530876159668
14.88,4.87976036071777,14.88,0.01530876159668
14.9,4.88475883483886,14.9,0.01530876159668
14.92,4.87476188659667,14.92,0.00531120300293
14.94,4.87476188659667,14.94,0.00531120300293
14.96,4.87476188659667,14.96,0.010309982299805
14.98,4.86976341247558,14.98,0.000312423706055
15,4.87476188659667,15,0.010309982299805
15.02,4.87976036071777,15.02,0.010309982299805
15.04,4.88475883483886,15.04,0.010309982299805
15.06,4.86976341247558,15.06,0.010309982299805
15.08,4.87976036071777,15.08,0.00531120300293
15.1,4.87976036071777,15.1,0.01530876159668
15.12,4.87976036071777,15.12,0.01530876159668
15.14,4.87976036071777,15.14,0.01530876159668
15.16,4.86976341247558,15.16,0.000312423706055
15.18,4.86476493835449,15.18,0.000312423706055
15.2,4.87976036071777,15.2,0.000312423706055
15.22,4.87476188659667,15.22,0.010309982299805
15.24,4.87976036071777,15.24,0.00531120300293
15.26,4.87976036071777,15.26,0.01530876159668
15.28,4.87476188659667,15.28,0.01530876159668
15.3,4.87476188659667,15.3,0.00531120300293
15.32,4.86476493835449,15.32,0.00531120300293
15.34,4.87976036071777,15.34,0.01530876159668
15.36,4.87476188659667,15.36,0.01530876159668
15.38,4.86976341247558,15.38,0.000312423706055
15.4,4.87476188659667,15.4,0.010309982299805
15.42,4.87976036071777,15.42,0.01530876159668
15.44,4.86476493835449,15.44,-0.00468635559082
15.46,4.87476188659667,15.46,0.000312423706055
15.48,4.86976341247558,15.48,0.00531120300293
15.5,4.88475883483886,15.5,0.00531120300293
15.52,4.88475883483886,15.52,-0.00468635559082
15.54,4.88475883483886,15.54,0.010309982299805
15.56,4.87976036071777,15.56,0.020307540893555
15.58,4.87976036071777,15.58,0.00531120300293
15.6,4.88475883483886,15.6,0.020307540893555
15.62,4.88475883483886,15.62,0.020307540893555
15.64,4.88975730895996,15.64,0.010309982299805
15.66,4.87976036071777,15.66,0.010309982299805
15.68,4.87476188659667,15.68,0.010309982299805
15.7,4.87976036071777,15.7,0.010309982299805
15.72,4.87976036071777,15.72,0.01530876159668
15.74,4.88475883483886,15.74,0.01530876159668
15.76,4.87976036071777,15.76,0.010309982299805
15.78,4.87976036071777,15.78,0.01530876159668
15.8,4.87976036071777,15.8,0.01530876159668
15.82,4.87976036071777,15.82,0.010309982299805
15.84,4.87476188659667,15.84,0.010309982299805
15.86,4.87976036071777,15.86,0.010309982299805
15.88,4.87976036071777,15.88,0.01530876159668
15.9,4.86976341247558,15.9,0.000312423706055
15.92,4.87476188659667,15.92,0.010309982299805
15.94,4.87476188659667,15.94,0.010309982299805
15.96,4.87476188659667,15.96,0.00531120300293
15.98,4.8547679901123,15.98,-0.00468635559082
16,4.87976036071777,16,0.010309982299805
16.02,4.87476188659667,16.02,0.00531120300293
16.04,4.87476188659667,16.04,0.010309982299805
16.06,4.88475883483886,16.06,0.01530876159668
16.08,4.87976036071777,16.08,0.00531120300293
16.1,4.88975730895996,16.1,0.020307540893555
16.12,4.88475883483886,16.12,0.010309982299805
16.14,4.88475883483886,16.14,0.000312423706055
16.16,4.88475883483886,16.16,0.00531120300293
16.18,4.87976036071777,16.18,0.000312423706055
16.2,4.87476188659667,16.2,0.010309982299805
16.22,4.88475883483886,16.22,0.010309982299805
16.24,4.87476188659667,16.24,0.00531120300293
16.26,4.87976036071777,16.26,0.010309982299805
16.28,4.87476188659667,16.28,0.00531120300293
16.3,4.87476188659667,16.3,0.00531120300293
16.32,4.87476188659667,16.32,0.000312423706055
16.34,4.87476188659667,16.34,0.010309982299805
16.36,4.87476188659667,16.36,0.010309982299805
16.38,4.87476188659667,16.38,0.00531120300293
16.4,4.87476188659667,16.4,0.010309982299805
16.42,4.88975730895996,16.42,0.010309982299805
16.44,4.88975730895996,16.44,0.000312423706055
16.46,4.85976646423339,16.46,0.000312423706055
16.48,4.87976036071777,16.48,0.010309982299805
16.5,4.87976036071777,16.5,0.00531120300293
16.52,4.87476188659667,16.52,0.010309982299805
16.54,4.87976036071777,16.54,0.010309982299805
16.56,4.86976341247558,16.56,0.010309982299805
16.58,4.87476188659667,16.58,0.020307540893555
16.6,4.88475883483886,16.6,0.010309982299805
16.62,4.86976341247558,16.62,-0.00468635559082
16.64,4.87476188659667,16.64,0.010309982299805
16.66,4.87976036071777,16.66,0.010309982299805
16.68,4.88475883483886,16.68,0.01530876159668
16.7,4.88475883483886,16.7,0.010309982299805
16.72,4.87976036071777,16.72,0.010309982299805
16.74,4.87476188659667,16.74,0.010309982299805
16.76,4.88475883483886,16.76,0.020307540893555
16.78,4.87976036071777,16.78,0.010309982299805
16.8,4.88475883483886,16.8,0.010309982299805
16.82,4.87476188659667,16.82,0.010309982299805
16.84,4.88475883483886,16.84,0.010309982299805
16.86,4.87476188659667,16.86,0.010309982299805
16.88,4.87976036071777,16.88,0.010309982299805
16.9,4.87476188659667,16.9,0.00531120300293
16.92,4.87976036071777,16.92,0.00531120300293
16.94,4.87976036071777,16.94,0.010309982299805
16.96,4.87976036071777,16.96,0.00531120300293
16.98,4.87976036071777,16.98,0.010309982299805
17,4.88475883483886,17,0.01530876159668
17.02,4.88475883483886,17.02,0.020307540893555
17.04,4.88475883483886,17.04,0.01530876159668
17.06,4.87976036071777,17.06,0.01530876159668
17.08,4.87476188659667,17.08,0.01530876159668
17.1,4.88475883483886,17.1,0.020307540893555
17.12,4.87976036071777,17.12,0.020307540893555
17.14,4.87976036071777,17.14,0.01530876159668
17.16,4.87976036071777,17.16,0.00531120300293
17.18,4.87976036071777,17.18,0.02530632019043
17.2,4.88475883483886,17.2,0.020307540893555
17.22,4.87476188659667,17.22,0.010309982299805
17.24,4.87976036071777,17.24,0.01530876159668
17.26,4.87976036071777,17.26,0.010309982299805
17.28,4.87976036071777,17.28,0.00531120300293
17.3,4.86476493835449,17.3,0.010309982299805
17.32,4.87476188659667,17.32,0.010309982299805
17.34,4.87476188659667,17.34,0.010309982299805
17.36,4.87476188659667,17.36,0.010309982299805
17.38,4.86976341247558,17.38,0.00531120300293
17.4,4.88475883483886,17.4,0.010309982299805
17.42,4.86976341247558,17.42,0.010309982299805
17.44,4.87476188659667,17.44,0.00531120300293
17.46,4.87976036071777,17.46,0.010309982299805
17.48,4.89475578308105,17.48,0.010309982299805
17.5,4.85976646423339,17.5,-0.00468635559082
17.52,4.87476188659667,17.52,0.00531120300293
17.54,4.88475883483886,17.54,0.010309982299805
17.56,4.87976036071777,17.56,0.010309982299805
17.58,4.87976036071777,17.58,0.010309982299805
17.6,4.86976341247558,17.6,0.010309982299805
17.62,4.87476188659667,17.62,0.010309982299805
17.64,4.86976341247558,17.64,0.00531120300293
17.66,4.87476188659667,17.66,0.00531120300293
17.68,4.87476188659667,17.68,0.00531120300293
17.7,4.87976036071777,17.7,0.00531120300293
17.72,4.86976341247558,17.72,0.00531120300293
17.74,4.87976036071777,17.74,0.010309982299805
17.76,4.87976036071777,17.76,0.01530876159668
17.78,4.87976036071777,17.78,0.00531120300293
17.8,4.87476188659667,17.8,0.020307540893555
17.82,4.87476188659667,17.82,0.01530876159668
17.84,4.87476188659667,17.84,0.00531120300293
17.86,4.87476188659667,17.86,0.00531120300293
17.88,4.87476188659667,17.88,0.00531120300293
17.9,4.87476188659667,17.9,0.00531120300293
17.92,4.87476188659667,17.92,-0.00468635559082
17.94,4.87976036071777,17.94,0.01530876159668
17.96,4.87476188659667,17.96,0.00531120300293
17.98,4.85976646423339,17.98,-0.00468635559082
18,4.88475883483886,18,0.00531120300293
18.02,4.87976036071777,18.02,0.000312423706055
18.04,4.87476188659667,18.04,0.010309982299805
18.06,4.87976036071777,18.06,0.01530876159668
18.08,4.87476188659667,18.08,0.000312423706055
18.1,4.88475883483886,18.1,0.010309982299805
18.12,4.87476188659667,18.12,0.000312423706055
18.14,4.86976341247558,18.14,0.010309982299805
18.16,4.87476188659667,18.16,0.01530876159668
18.18,4.87976036071777,18.18,0.01530876159668
18.2,4.87476188659667,18.2,0.010309982299805
18.22,4.88475883483886,18.22,0.010309982299805
18.24,4.87476188659667,18.24,0.010309982299805
18.26,4.88975730895996,18.26,0.00531120300293
18.28,4.86976341247558,18.28,0.01530876159668
18.3,4.87476188659667,18.3,0.010309982299805
18.32,4.87476188659667,18.32,0.00531120300293
18.34,4.86976341247558,18.34,0.00531120300293
18.36,4.87476188659667,18.36,0.000312423706055
18.38,4.87976036071777,18.38,0.00531120300293
18.4,4.85976646423339,18.4,-0.00468635559082
18.42,4.87476188659667,18.42,0.00531120300293
18.44,4.87976036071777,18.44,0.010309982299805
18.46,4.86976341247558,18.46,0.00531120300293
18.48,4.86976341247558,18.48,0.00531120300293
18.5,4.87976036071777,18.5,0.010309982299805
18.52,4.86976341247558,18.52,0.00531120300293
18.54,4.87976036071777,18.54,0.00531120300293
18.56,4.86976341247558,18.56,0.00531120300293
18.58,4.86476493835449,18.58,-0.00468635559082
18.6,4.87476188659667,18.6,0.010309982299805
18.62,4.88475883483886,18.62,0.000312423706055
18.64,4.87476188659667,18.64,0.00531120300293
18.66,4.86976341247558,18.66,0.000312423706055
18.68,4.87476188659667,18.68,0.00531120300293
18.7,4.87976036071777,18.7,0.010309982299805
18.72,4.87976036071777,18.72,0.010309982299805
18.74,4.87476188659667,18.74,0.00531120300293
18.76,4.87476188659667,18.76,0.010309982299805
18.78,4.88475883483886,18.78,0.010309982299805
18.8,4.87976036071777,18.8,0.00531120300293
18.82,4.87976036071777,18.82,0.010309982299805
18.84,4.88475883483886,18.84,0.010309982299805
18.86,4.87476188659667,18.86,0.010309982299805
18.88,4.87976036071777,18.88,0.010309982299805
18.9,4.87476188659667,18.9,0.01530876159668
18.92,4.87476188659667,18.92,0.010309982299805
18.94,4.87976036071777,18.94,0.010309982299805
18.96,4.87976036071777,18.96,0.01530876159668
18.98,4.87976036071777,18.98,0.01530876159668
19,4.87476188659667,19,0.00531120300293
19.02,4.86976341247558,19.02,-0.00468635559082
19.04,4.87976036071777,19.04,0.00531120300293
19.06,4.86976341247558,19.06,0.000312423706055
19.08,4.86976341247558,19.08,0.000312423706055
19.1,4.86476493835449,19.1,-0.00468635559082
19.12,4.87976036071777,19.12,0.000312423706055
19.14,4.86976341247558,19.14,0.000312423706055
19.16,4.87476188659667,19.16,0.010309982299805
19.18,4.87976036071777,19.18,0.010309982299805
19.2,4.86976341247558,19.2,0.020307540893555
19.22,4.87476188659667,19.22,0.010309982299805
19.2400000000001,4.87476188659667,19.2400000000001,0.010309982299805
19.2600000000001,4.86976341247558,19.2600000000001,0.000312423706055
19.2800000000001,4.87976036071777,19.2800000000001,-0.00468635559082
19.3000000000001,4.87476188659667,19.3000000000001,0.00531120300293
19.3200000000001,4.88475883483886,19.3200000000001,0.00531120300293
19.3400000000001,4.87476188659667,19.3400000000001,0.01530876159668
19.3600000000001,4.86976341247558,19.3600000000001,0.010309982299805
19.3800000000001,4.86476493835449,19.3800000000001,0.00531120300293
19.4000000000001,4.87476188659667,19.4000000000001,0.00531120300293
19.4200000000001,4.88475883483886,19.4200000000001,0.010309982299805
19.4400000000001,4.87976036071777,19.4400000000001,0.020307540893555
19.4600000000001,4.87976036071777,19.4600000000001,-0.00468635559082
19.4800000000001,4.88475883483886,19.4800000000001,0.01530876159668
19.5000000000001,4.87476188659667,19.5000000000001,0.01530876159668
19.5200000000001,4.87476188659667,19.5200000000001,0.01530876159668
19.5400000000001,4.88475883483886,19.5400000000001,0.01530876159668
19.5600000000001,4.87476188659667,19.5600000000001,0.010309982299805
19.5800000000001,4.87476188659667,19.5800000000001,0.00531120300293
19.6000000000001,4.87476188659667,19.6000000000001,0.00531120300293
19.6200000000001,4.85976646423339,19.6200000000001,-0.00468635559082
19.6400000000001,4.86976341247558,19.6400000000001,0.000312423706055
19.6600000000001,4.87976036071777,19.6600000000001,0.01530876159668
19.6800000000001,4.87476188659667,19.6800000000001,0.010309982299805
19.7000000000001,4.87476188659667,19.7000000000001,0.010309982299805
19.7200000000001,4.88475883483886,19.7200000000001,0.01530876159668
19.7400000000001,4.88475883483886,19.7400000000001,0.020307540893555
19.7600000000001,4.87476188659667,19.7600000000001,0.010309982299805
19.7800000000001,4.87976036071777,19.7800000000001,0.01530876159668
19.8000000000001,4.86976341247558,19.8000000000001,0.010309982299805
19.8200000000001,4.87976036071777,19.8200000000001,-0.00468635559082
19.8400000000001,4.87476188659667,19.8400000000001,0.000312423706055
19.8600000000001,4.87976036071777,19.8600000000001,0.000312423706055
19.8800000000002,4.87976036071777,19.8800000000002,0.000312423706055
19.9000000000002,4.87976036071777,19.9000000000002,0.010309982299805
19.9200000000002,4.87476188659667,19.9200000000002,0.010309982299805
19.9400000000002,4.87976036071777,19.9400000000002,0.010309982299805
19.9600000000002,4.88475883483886,19.9600000000002,0.01530876159668
19.9800000000002,4.88475883483886,19.9800000000002,0.010309982299805
20.0000000000002,4.86476493835449,20.0000000000002,0.000312423706055
20.0200000000002,4.87976036071777,20.0200000000002,0.010309982299805
20.0400000000002,4.87976036071777,20.0400000000002,0.01530876159668
20.0600000000002,4.87976036071777,20.0600000000002,0.010309982299805
20.0800000000002,4.87976036071777,20.0800000000002,0.00531120300293
20.1000000000002,4.87976036071777,20.1000000000002,0.010309982299805
20.1200000000002,4.88475883483886,20.1200000000002,0.000312423706055
20.1400000000002,4.88475883483886,20.1400000000002,0.00531120300293
20.1600000000002,4.87476188659667,20.1600000000002,0.00531120300293
20.1800000000002,4.87476188659667,20.1800000000002,0.00531120300293
20.2000000000002,4.88475883483886,20.2000000000002,0.010309982299805
20.2200000000002,4.86476493835449,20.2200000000002,0.000312423706055
20.2400000000002,4.87976036071777,20.2400000000002,0.020307540893555
20.2600000000002,4.88475883483886,20.2600000000002,0.010309982299805
20.2800000000002,4.87476188659667,20.2800000000002,0.010309982299805
20.3000000000002,4.88975730895996,20.3000000000002,0.020307540893555
20.3200000000002,4.88975730895996,20.3200000000002,0.01530876159668
20.3400000000002,4.87976036071777,20.3400000000002,0.010309982299805
20.3600000000002,4.87976036071777,20.3600000000002,0.010309982299805
20.3800000000002,4.87976036071777,20.3800000000002,0.00531120300293
20.4000000000002,4.87476188659667,20.4000000000002,0.000312423706055
20.4200000000002,4.86976341247558,20.4200000000002,0.000312423706055
20.4400000000002,4.88475883483886,20.4400000000002,0.010309982299805
20.4600000000002,4.88475883483886,20.4600000000002,0.01530876159668
20.4800000000002,4.86976341247558,20.4800000000002,0.00531120300293
20.5000000000002,4.88475883483886,20.5000000000002,0.00531120300293
20.5200000000002,4.87476188659667,20.5200000000002,0.00531120300293
20.5400000000003,4.87476188659667,20.5400000000003,0.00531120300293
20.5600000000003,4.86976341247558,20.5600000000003,0.010309982299805
20.5800000000003,4.87476188659667,20.5800000000003,0.00531120300293
20.6000000000003,4.87476188659667,20.6000000000003,0.00531120300293
20.6200000000003,4.87976036071777,20.6200000000003,-0.00468635559082
20.6400000000003,4.87976036071777,20.6400000000003,0.010309982299805
20.6600000000003,4.87476188659667,20.6600000000003,0.00531120300293
20.6800000000003,4.87476188659667,20.6800000000003,0.01530876159668
20.7000000000003,4.86976341247558,20.7000000000003,0.000312423706055
20.7200000000003,4.87476188659667,20.7200000000003,0.010309982299805
20.7400000000003,4.88475883483886,20.7400000000003,0.00531120300293
20.7600000000003,4.87976036071777,20.7600000000003,0.01530876159668
20.7800000000003,4.86976341247558,20.7800000000003,-0.00468635559082
20.8000000000003,4.87476188659667,20.8000000000003,0.000312423706055
20.8200000000003,4.88475883483886,20.8200000000003,0.010309982299805
20.8400000000003,4.88475883483886,20.8400000000003,0.010309982299805
20.8600000000003,4.86976341247558,20.8600000000003,-0.00468635559082
20.8800000000003,4.87976036071777,20.8800000000003,0.010309982299805
20.9000000000003,4.87476188659667,20.9000000000003,0.010309982299805
20.9200000000003,4.87476188659667,20.9200000000003,0.00531120300293
20.9400000000003,4.87476188659667,20.9400000000003,-0.00468635559082
20.9600000000003,4.87476188659667,20.9600000000003,0.000312423706055
20.9800000000003,4.87976036071777,20.9800000000003,0.00531120300293
21.0000000000003,4.86976341247558,21.0000000000003,-0.009685134887695
21.0200000000003,4.87976036071777,21.0200000000003,0.00531120300293
21.0400000000003,4.88475883483886,21.0400000000003,0.010309982299805
21.0600000000003,4.87976036071777,21.0600000000003,0.00531120300293
21.0800000000003,4.87476188659667,21.0800000000003,0.000312423706055
21.1000000000003,4.87976036071777,21.1000000000003,0.010309982299805
21.1200000000003,4.87476188659667,21.1200000000003,0.01530876159668
21.1400000000003,4.87476188659667,21.1400000000003,0.000312423706055
21.1600000000003,4.87976036071777,21.1600000000003,0.010309982299805
21.1800000000004,4.87476188659667,21.1800000000004,0.00531120300293
21.2000000000004,4.87476188659667,21.2000000000004,0.010309982299805
21.2200000000004,4.87476188659667,21.2200000000004,0.00531120300293
21.2400000000004,4.87476188659667,21.2400000000004,0.00531120300293
21.2600000000004,4.87976036071777,21.2600000000004,0.010309982299805
21.2800000000004,4.86976341247558,21.2800000000004,0.000312423706055
21.3000000000004,4.87976036071777,21.3000000000004,0.000312423706055
21.3200000000004,4.88475883483886,21.3200000000004,0.00531120300293
21.3400000000004,4.87476188659667,21.3400000000004,0.010309982299805
21.3600000000004,4.87476188659667,21.3600000000004,0.01530876159668
21.3800000000004,4.87476188659667,21.3800000000004,0.000312423706055
21.4000000000004,4.86976341247558,21.4000000000004,0.010309982299805
21.4200000000004,4.87976036071777,21.4200000000004,0.010309982299805
21.4400000000004,4.88475883483886,21.4400000000004,0.01530876159668
21.4600000000004,4.87976036071777,21.4600000000004,-0.00468635559082
21.4800000000004,4.87976036071777,21.4800000000004,0.000312423706055
21.5000000000004,4.87976036071777,21.5000000000004,0.00531120300293
21.5200000000004,4.87976036071777,21.5200000000004,0.00531120300293
21.5400000000004,4.86976341247558,21.5400000000004,0.000312423706055
21.5600000000004,4.87976036071777,21.5600000000004,0.00531120300293
21.5800000000004,4.87976036071777,21.5800000000004,0.000312423706055
21.6000000000004,4.87476188659667,21.6000000000004,0.00531120300293
21.6200000000004,4.87476188659667,21.6200000000004,0.010309982299805
21.6400000000004,4.87976036071777,21.6400000000004,0.010309982299805
21.6600000000004,4.87976036071777,21.6600000000004,0.010309982299805
21.6800000000004,4.87976036071777,21.6800000000004,0.000312423706055
21.7000000000004,4.87476188659667,21.7000000000004,0.000312423706055
21.7200000000004,4.88475883483886,21.7200000000004,0.00531120300293
21.7400000000004,4.86476493835449,21.7400000000004,0.00531120300293
21.7600000000004,4.86476493835449,21.7600000000004,0.000312423706055
21.7800000000004,4.88975730895996,21.7800000000004,0.01530876159668
21.8000000000004,4.87976036071777,21.8000000000004,0.00531120300293
21.8200000000005,4.86976341247558,21.8200000000005,0.000312423706055
21.8400000000005,4.87476188659667,21.8400000000005,0.00531120300293
21.8600000000005,4.86976341247558,21.8600000000005,-0.00468635559082
21.8800000000005,4.8547679901123,21.8800000000005,0.000312423706055
21.9000000000005,4.86976341247558,21.9000000000005,0.00531120300293
21.9200000000005,4.86976341247558,21.9200000000005,0.000312423706055
21.9400000000005,4.88475883483886,21.9400000000005,0.010309982299805
21.9600000000005,4.88475883483886,21.9600000000005,0.00531120300293
21.9800000000005,4.87476188659667,21.9800000000005,0.00531120300293
22.0000000000005,4.87976036071777,22.0000000000005,0.000312423706055
22.0200000000005,4.87976036071777,22.0200000000005,0.00531120300293
22.0400000000005,4.86476493835449,22.0400000000005,-0.009685134887695
22.0600000000005,4.86976341247558,22.0600000000005,0.000312423706055
22.0800000000005,4.87976036071777,22.0800000000005,0.010309982299805
22.1000000000005,4.86976341247558,22.1000000000005,0.000312423706055
22.1200000000005,4.87476188659667,22.1200000000005,0.000312423706055
22.1400000000005,4.86976341247558,22.1400000000005,0.00531120300293
22.1600000000005,4.87976036071777,22.1600000000005,0.01530876159668
22.1800000000005,4.86976341247558,22.1800000000005,0.010309982299805
22.2000000000005,4.88475883483886,22.2000000000005,0.01530876159668
22.2200000000005,4.86976341247558,22.2200000000005,0.01530876159668
22.2400000000005,4.87476188659667,22.2400000000005,0.000312423706055
22.2600000000005,4.87476188659667,22.2600000000005,-0.00468635559082
22.2800000000005,4.86976341247558,22.2800000000005,0.010309982299805
22.3000000000005,4.86976341247558,22.3000000000005,0.00531120300293
22.3200000000005,4.87976036071777,22.3200000000005,0.00531120300293
22.3400000000005,4.87976036071777,22.3400000000005,0.01530876159668
22.3600000000005,4.87976036071777,22.3600000000005,0.010309982299805
22.3800000000005,4.86976341247558,22.3800000000005,0.000312423706055
22.4000000000005,4.87976036071777,22.4000000000005,0.00531120300293
22.4200000000005,4.87976036071777,22.4200000000005,0.010309982299805
22.4400000000005,4.88975730895996,22.4400000000005,0.01530876159668
22.4600000000006,4.87976036071777,22.4600000000006,0.020307540893555
22.4800000000006,4.87476188659667,22.4800000000006,0.00531120300293
22.5000000000006,4.86976341247558,22.5000000000006,0.000312423706055
22.5200000000006,4.87476188659667,22.5200000000006,0.000312423706055
22.5400000000006,4.87476188659667,22.5400000000006,0.000312423706055
22.5600000000006,4.87976036071777,22.5600000000006,0.010309982299805
22.5800000000006,4.86976341247558,22.5800000000006,0.000312423706055
22.6000000000006,4.88975730895996,22.6000000000006,0.01530876159668
22.6200000000006,4.88475883483886,22.6200000000006,0.010309982299805
22.6400000000006,4.88475883483886,22.6400000000006,0.010309982299805
22.6600000000006,4.87976036071777,22.6600000000006,0.010309982299805
22.6800000000006,4.88475883483886,22.6800000000006,0.000312423706055
22.7000000000006,4.87476188659667,22.7000000000006,0.00531120300293
22.7200000000006,4.87976036071777,22.7200000000006,0.01530876159668
22.7400000000006,4.87976036071777,22.7400000000006,0.010309982299805
22.7600000000006,4.86476493835449,22.7600000000006,-0.00468635559082
22.7800000000006,4.87976036071777,22.7800000000006,0.01530876159668
22.8000000000006,4.87976036071777,22.8000000000006,0.010309982299805
22.8200000000006,4.87976036071777,22.8200000000006,0.010309982299805
22.8400000000006,4.88475883483886,22.8400000000006,0.020307540893555
22.8600000000006,4.88475883483886,22.8600000000006,0.010309982299805
22.8800000000006,4.87476188659667,22.8800000000006,0.000312423706055
22.9000000000006,4.87976036071777,22.9000000000006,0.00531120300293
22.9200000000006,4.86976341247558,22.9200000000006,0.00531120300293
22.9400000000006,4.87976036071777,22.9400000000006,0.01530876159668
22.9600000000006,4.87476188659667,22.9600000000006,0.010309982299805
22.9800000000006,4.87476188659667,22.9800000000006,0.010309982299805
23.0000000000006,4.88975730895996,23.0000000000006,0.000312423706055
23.0200000000006,4.87976036071777,23.0200000000006,0.00531120300293
23.0400000000006,4.87476188659667,23.0400000000006,0.000312423706055
23.0600000000006,4.87476188659667,23.0600000000006,0.010309982299805
23.0800000000006,4.87476188659667,23.0800000000006,0.000312423706055
23.1000000000007,4.86976341247558,23.1000000000007,0.000312423706055
23.1200000000007,4.87976036071777,23.1200000000007,0.010309982299805
23.1400000000007,4.87476188659667,23.1400000000007,0.00531120300293
23.1600000000007,4.87476188659667,23.1600000000007,0.00531120300293
23.1800000000007,4.87976036071777,23.1800000000007,0.010309982299805
23.2000000000007,4.87976036071777,23.2000000000007,0.010309982299805
23.2200000000007,4.87476188659667,23.2200000000007,0.00531120300293
23.2400000000007,4.87976036071777,23.2400000000007,0.010309982299805
23.2600000000007,4.87976036071777,23.2600000000007,0.010309982299805
23.2800000000007,4.88475883483886,23.2800000000007,0.010309982299805
23.3000000000007,4.87976036071777,23.3000000000007,0.010309982299805
23.3200000000007,4.87476188659667,23.3200000000007,0.000312423706055
23.3400000000007,4.87976036071777,23.3400000000007,0.00531120300293
23.3600000000007,4.86976341247558,23.3600000000007,0.00531120300293
23.3800000000007,4.87476188659667,23.3800000000007,0.010309982299805
23.4000000000007,4.87976036071777,23.4000000000007,0.00531120300293
23.4200000000007,4.87976036071777,23.4200000000007,0.01530876159668
23.4400000000007,4.87976036071777,23.4400000000007,0.00531120300293
23.4600000000007,4.87476188659667,23.4600000000007,0.01530876159668
23.4800000000007,4.87976036071777,23.4800000000007,0.020307540893555
23.5000000000007,4.88475883483886,23.5000000000007,0.010309982299805
23.5200000000007,4.88475883483886,23.5200000000007,0.02530632019043
23.5400000000007,4.87476188659667,23.5400000000007,0.00531120300293
23.5600000000007,4.87476188659667,23.5600000000007,0.010309982299805
23.5800000000007,4.86976341247558,23.5800000000007,0.00531120300293
23.6000000000007,4.86476493835449,23.6000000000007,0.00531120300293
23.6200000000007,4.88475883483886,23.6200000000007,0.01530876159668
23.6400000000007,4.85976646423339,23.6400000000007,0.000312423706055
23.6600000000007,4.87976036071777,23.6600000000007,0.010309982299805
23.6800000000007,4.87476188659667,23.6800000000007,0.00531120300293
23.7000000000007,4.88975730895996,23.7000000000007,0.010309982299805
23.7200000000007,4.86976341247558,23.7200000000007,0.00531120300293
23.7400000000008,4.87476188659667,23.7400000000008,0.010309982299805
23.7600000000008,4.86476493835449,23.7600000000008,0.00531120300293
23.7800000000008,4.87976036071777,23.7800000000008,0.010309982299805
23.8000000000008,4.87476188659667,23.8000000000008,0.00531120300293
23.8200000000008,4.88975730895996,23.8200000000008,0.010309982299805
23.8400000000008,4.87476188659667,23.8400000000008,0.00531120300293
23.8600000000008,4.86976341247558,23.8600000000008,0.00531120300293
23.8800000000008,4.87976036071777,23.8800000000008,0.010309982299805
23.9000000000008,4.88475883483886,23.9000000000008,0.020307540893555
23.9200000000008,4.88475883483886,23.9200000000008,0.01530876159668
23.9400000000008,4.87976036071777,23.9400000000008,0.000312423706055
23.9600000000008,4.86976341247558,23.9600000000008,0.00531120300293
23.9800000000008,4.87476188659667,23.9800000000008,0.01530876159668
24.0000000000008,4.87476188659667,24.0000000000008,0.00531120300293
24.0200000000008,4.88475883483886,24.0200000000008,0.00531120300293
24.0400000000008,4.87476188659667,24.0400000000008,0.010309982299805
24.0600000000008,4.87976036071777,24.0600000000008,0.00531120300293
24.0800000000008,4.87976036071777,24.0800000000008,-0.009685134887695
24.1000000000008,4.87976036071777,24.1000000000008,0.000312423706055
24.1200000000008,4.87976036071777,24.1200000000008,0.00531120300293
24.1400000000008,4.87976036071777,24.1400000000008,0.01530876159668
24.1600000000008,4.87476188659667,24.1600000000008,0.000312423706055
24.1800000000008,4.87476188659667,24.1800000000008,0.00531120300293
24.2000000000008,4.87976036071777,24.2000000000008,0.000312423706055
24.2200000000008,4.88475883483886,24.2200000000008,-0.009685134887695
24.2400000000008,4.86976341247558,24.2400000000008,0.00531120300293
24.2600000000008,4.86976341247558,24.2600000000008,0.000312423706055
24.2800000000008,4.87476188659667,24.2800000000008,0.000312423706055
24.3000000000008,4.87976036071777,24.3000000000008,0.010309982299805
24.3200000000008,4.87476188659667,24.3200000000008,0.000312423706055
24.3400000000008,4.87476188659667,24.3400000000008,-0.009685134887695
24.3600000000008,4.87476188659667,24.3600000000008,0.000312423706055
24.3800000000009,4.86976341247558,24.3800000000009,0.00531120300293
24.4000000000009,4.88475883483886,24.4000000000009,0.020307540893555
24.4200000000009,4.87976036071777,24.4200000000009,0.010309982299805
24.4400000000009,4.87476188659667,24.4400000000009,0.010309982299805
24.4600000000009,4.87976036071777,24.4600000000009,0.01530876159668
24.4800000000009,4.86476493835449,24.4800000000009,0.00531120300293
24.5000000000009,4.87476188659667,24.5000000000009,0.000312423706055
24.5200000000009,4.87976036071777,24.5200000000009,0.010309982299805
24.5400000000009,4.87476188659667,24.5400000000009,0.000312423706055
24.5600000000009,4.87476188659667,24.5600000000009,0.010309982299805
24.5800000000009,4.86976341247558,24.5800000000009,0.00531120300293
24.6000000000009,4.86976341247558,24.6000000000009,0.00531120300293
24.6200000000009,4.87476188659667,24.6200000000009,0.00531120300293
24.6400000000009,4.88475883483886,24.6400000000009,0.00531120300293
24.6600000000009,4.85976646423339,24.6600000000009,-0.00468635559082
24.6800000000009,4.86476493835449,24.6800000000009,-0.00468635559082
24.7000000000009,4.87476188659667,24.7000000000009,0.00531120300293
24.7200000000009,4.87976036071777,24.7200000000009,0.010309982299805
24.7400000000009,4.86976341247558,24.7400000000009,0.010309982299805
24.7600000000009,4.86976341247558,24.7600000000009,0.00531120300293
24.7800000000009,4.87976036071777,24.7800000000009,0.01530876159668
24.8000000000009,4.87976036071777,24.8000000000009,0.010309982299805
24.8200000000009,4.88475883483886,24.8200000000009,0.010309982299805
24.8400000000009,4.87976036071777,24.8400000000009,0.010309982299805
24.8600000000009,4.87476188659667,24.8600000000009,-0.00468635559082
24.8800000000009,4.88475883483886,24.8800000000009,0.01530876159668
24.9000000000009,4.87976036071777,24.9000000000009,0.010309982299805
24.9200000000009,4.86476493835449,24.9200000000009,-0.00468635559082
24.9400000000009,4.87976036071777,24.9400000000009,0.00531120300293
24.9600000000009,4.87476188659667,24.9600000000009,-0.00468635559082
24.9800000000009,4.88475883483886,24.9800000000009,0.000312423706055
25.0000000000009,4.86976341247558,25.0000000000009,0.000312423706055
25.020000000001,4.86476493835449,25.020000000001,-0.00468635559082
25.040000000001,4.87976036071777,25.040000000001,0.010309982299805
25.060000000001,4.87476188659667,25.060000000001,0.000312423706055
25.080000000001,4.87476188659667,25.080000000001,0.00531120300293
25.100000000001,4.87476188659667,25.100000000001,0.010309982299805
25.120000000001,4.88475883483886,25.120000000001,0.010309982299805
25.140000000001,4.88475883483886,25.140000000001,0.010309982299805
25.160000000001,4.87976036071777,25.160000000001,0.01530876159668
25.180000000001,4.86976341247558,25.180000000001,0.010309982299805
25.200000000001,4.87976036071777,25.200000000001,0.020307540893555
25.220000000001,4.88475883483886,25.220000000001,0.01530876159668
25.240000000001,4.87976036071777,25.240000000001,0.00531120300293
25.260000000001,4.88475883483886,25.260000000001,0.000312423706055
25.280000000001,4.87476188659667,25.280000000001,0.00531120300293
25.300000000001,4.88475883483886,25.300000000001,0.000312423706055
25.320000000001,4.87976036071777,25.320000000001,0.01530876159668
25.340000000001,4.88475883483886,25.340000000001,0.010309982299805
25.360000000001,4.88475883483886,25.360000000001,0.010309982299805
25.380000000001,4.87976036071777,25.380000000001,0.000312423706055
25.400000000001,4.87476188659667,25.400000000001,0.00531120300293
25.420000000001,4.87976036071777,25.420000000001,0.00531120300293
25.440000000001,4.87976036071777,25.440000000001,0.01530876159668
25.460000000001,4.87976036071777,25.460000000001,0.000312423706055
25.480000000001,4.87476188659667,25.480000000001,0.010309982299805
25.500000000001,4.88475883483886,25.500000000001,0.00531120300293
25.520000000001,4.87476188659667,25.520000000001,0.00531120300293
25.540000000001,4.87976036071777,25.540000000001,0.000312423706055
25.560000000001,4.87476188659667,25.560000000001,0.000312423706055
25.580000000001,4.87476188659667,25.580000000001,0.010309982299805
25.600000000001,4.88975730895996,25.600000000001,0.00531120300293
25.620000000001,4.87976036071777,25.620000000001,0.000312423706055
25.640000000001,4.87476188659667,25.640000000001,0.000312423706055
25.6600000000011,4.87976036071777,25.6600000000011,0.010309982299805
25.6800000000011,4.86976341247558,25.6800000000011,0.000312423706055
25.7000000000011,4.87976036071777,25.7000000000011,0.010309982299805
25.7200000000011,4.87976036071777,25.7200000000011,0.010309982299805
25.7400000000011,4.87476188659667,25.7400000000011,0.01530876159668
25.7600000000011,4.88475883483886,25.7600000000011,0.010309982299805
25.7800000000011,4.87976036071777,25.7800000000011,0.010309982299805
25.8000000000011,4.87476188659667,25.8000000000011,0.01530876159668
25.8200000000011,4.88975730895996,25.8200000000011,0.020307540893555
25.8400000000011,4.87476188659667,25.8400000000011,0.00531120300293
25.8600000000011,4.87476188659667,25.8600000000011,0.00531120300293
25.8800000000011,4.87976036071777,25.8800000000011,0.010309982299805
25.9000000000011,4.86976341247558,25.9000000000011,0.00531120300293
25.9200000000011,4.88975730895996,25.9200000000011,0.020307540893555
25.9400000000011,4.88475883483886,25.9400000000011,0.010309982299805
25.9600000000011,4.87976036071777,25.9600000000011,0.02530632019043
25.9800000000011,4.87976036071777,25.9800000000011,0.010309982299805
26.0000000000011,4.86976341247558,26.0000000000011,0.00531120300293
26.0200000000011,4.87976036071777,26.0200000000011,0.010309982299805
26.0400000000011,4.88475883483886,26.0400000000011,0.010309982299805
26.0600000000011,4.87476188659667,26.0600000000011,0.010309982299805
26.0800000000011,4.87476188659667,26.0800000000011,0.010309982299805
26.1000000000011,4.88975730895996,26.1000000000011,0.010309982299805
26.1200000000011,4.88475883483886,26.1200000000011,0.00531120300293
26.1400000000011,4.86476493835449,26.1400000000011,-0.009685134887695
26.1600000000011,4.86976341247558,26.1600000000011,0.010309982299805
26.1800000000011,4.87976036071777,26.1800000000011,0.010309982299805
26.2000000000011,4.87476188659667,26.2000000000011,0.010309982299805
26.2200000000011,4.88475883483886,26.2200000000011,0.01530876159668
26.2400000000011,4.88475883483886,26.2400000000011,0.01530876159668
26.2600000000011,4.88475883483886,26.2600000000011,0.010309982299805
26.2800000000011,4.87476188659667,26.2800000000011,0.000312423706055
26.3000000000012,4.88475883483886,26.3000000000012,0.01530876159668
26.3200000000012,4.88475883483886,26.3200000000012,0.010309982299805
26.3400000000012,4.87476188659667,26.3400000000012,0.01530876159668
26.3600000000012,4.87976036071777,26.3600000000012,0.00531120300293
26.3800000000012,4.87976036071777,26.3800000000012,0.00531120300293
26.4000000000012,4.87476188659667,26.4000000000012,0.010309982299805
26.4200000000012,4.88475883483886,26.4200000000012,0.01530876159668
26.4400000000012,4.87476188659667,26.4400000000012,0.010309982299805
26.4600000000012,4.87476188659667,26.4600000000012,0.010309982299805
26.4800000000012,4.87476188659667,26.4800000000012,0.00531120300293
26.5000000000012,4.86976341247558,26.5000000000012,0.00531120300293
26.5200000000012,4.87976036071777,26.5200000000012,0.00531120300293
26.5400000000012,4.87976036071777,26.5400000000012,0.010309982299805
26.5600000000012,4.86976341247558,26.5600000000012,-0.009685134887695
26.5800000000012,4.87976036071777,26.5800000000012,0.00531120300293
26.6000000000012,4.87976036071777,26.6000000000012,0.00531120300293
26.6200000000012,4.87976036071777,26.6200000000012,0.010309982299805
26.6400000000012,4.87476188659667,26.6400000000012,0.010309982299805
26.6600000000012,4.86976341247558,26.6600000000012,0.00531120300293
26.6800000000012,4.86976341247558,26.6800000000012,0.00531120300293
26.7000000000012,4.86976341247558,26.7000000000012,0.00531120300293
26.7200000000012,4.87976036071777,26.7200000000012,0.00531120300293
26.7400000000012,4.88475883483886,26.7400000000012,0.00531120300293
26.7600000000012,4.88975730895996,26.7600000000012,0.01530876159668
26.7800000000012,4.87976036071777,26.7800000000012,0.01530876159668
26.8000000000012,4.87976036071777,26.8000000000012,0.010309982299805
26.8200000000012,4.88475883483886,26.8200000000012,0.00531120300293
26.8400000000012,4.88475883483886,26.8400000000012,0.01530876159668
26.8600000000012,4.88475883483886,26.8600000000012,0.00531120300293
26.8800000000012,4.87976036071777,26.8800000000012,0.010309982299805
26.9000000000012,4.87976036071777,26.9000000000012,0.00531120300293
26.9200000000012,4.88475883483886,26.9200000000012,0.000312423706055
26.9400000000013,4.87976036071777,26.9400000000013,0.010309982299805
26.9600000000013,4.87476188659667,26.9600000000013,0.000312423706055
26.9800000000013,4.87476188659667,26.9800000000013,0.000312423706055
27.0000000000013,4.87476188659667,27.0000000000013,0.000312423706055
27.0200000000013,4.88475883483886,27.0200000000013,0.01530876159668
27.0400000000013,4.87976036071777,27.0400000000013,0.010309982299805
27.0600000000013,4.86976341247558,27.0600000000013,0.00531120300293
27.0800000000013,4.87976036071777,27.0800000000013,0.010309982299805
27.1000000000013,4.87976036071777,27.1000000000013,0.010309982299805
27.1200000000013,4.86976341247558,27.1200000000013,0.000312423706055
27.1400000000013,4.87476188659667,27.1400000000013,0.01530876159668
27.1600000000013,4.87976036071777,27.1600000000013,0.00531120300293
27.1800000000013,4.86976341247558,27.1800000000013,0.00531120300293
27.2000000000013,4.87476188659667,27.2000000000013,0.010309982299805
27.2200000000013,4.87976036071777,27.2200000000013,0.010309982299805
27.2400000000013,4.86976341247558,27.2400000000013,0.00531120300293
27.2600000000013,4.87976036071777,27.2600000000013,0.00531120300293
27.2800000000013,4.87976036071777,27.2800000000013,0.000312423706055
27.3000000000013,4.88475883483886,27.3000000000013,0.00531120300293
27.3200000000013,4.86976341247558,27.3200000000013,0.00531120300293
27.3400000000013,4.86976341247558,27.3400000000013,0.00531120300293
27.3600000000013,4.87476188659667,27.3600000000013,0.000312423706055
27.3800000000013,4.87476188659667,27.3800000000013,0.000312423706055
27.4000000000013,4.87976036071777,27.4000000000013,0.00531120300293
27.4200000000013,4.86976341247558,27.4200000000013,0.00531120300293
27.4400000000013,4.86976341247558,27.4400000000013,0.00531120300293
27.4600000000013,4.87976036071777,27.4600000000013,0.00531120300293
27.4800000000013,4.87476188659667,27.4800000000013,0.00531120300293
27.5000000000013,4.87476188659667,27.5000000000013,0.00531120300293
27.5200000000013,4.87476188659667,27.5200000000013,0.010309982299805
27.5400000000013,4.89475578308105,27.5400000000013,0.000312423706055
27.5600000000013,4.87476188659667,27.5600000000013,0.00531120300293
27.5800000000014,4.88475883483886,27.5800000000014,0.010309982299805
27.6000000000014,4.87976036071777,27.6000000000014,0.00531120300293
27.6200000000014,4.88475883483886,27.6200000000014,0.01530876159668
27.6400000000014,4.87476188659667,27.6400000000014,0.00531120300293
27.6600000000014,4.88475883483886,27.6600000000014,0.010309982299805
27.6800000000014,4.87976036071777,27.6800000000014,0.010309982299805
27.7000000000014,4.88475883483886,27.7000000000014,0.00531120300293
27.7200000000014,4.86976341247558,27.7200000000014,-0.00468635559082
27.7400000000014,4.87976036071777,27.7400000000014,0.010309982299805
27.7600000000014,4.87476188659667,27.7600000000014,0.00531120300293
27.7800000000014,4.87976036071777,27.7800000000014,0.010309982299805
27.8000000000014,4.87976036071777,27.8000000000014,0.00531120300293
27.8200000000014,4.88975730895996,27.8200000000014,0.010309982299805
27.8400000000014,4.87976036071777,27.8400000000014,0.010309982299805
27.8600000000014,4.87976036071777,27.8600000000014,0.010309982299805
27.8800000000014,4.87476188659667,27.8800000000014,0.020307540893555
27.9000000000014,4.87476188659667,27.9000000000014,0.00531120300293
27.9200000000014,4.87976036071777,27.9200000000014,0.010309982299805
27.9400000000014,4.89475578308105,27.9400000000014,0.000312423706055
27.9600000000014,4.87476188659667,27.9600000000014,-0.00468635559082
27.9800000000014,4.88475883483886,27.9800000000014,0.01530876159668
28.0000000000014,4.88975730895996,28.0000000000014,0.010309982299805
28.0200000000014,4.88975730895996,28.0200000000014,0.01530876159668
28.0400000000014,4.88475883483886,28.0400000000014,0.01530876159668
28.0600000000014,4.86476493835449,28.0600000000014,-0.00468635559082
28.0800000000014,4.87476188659667,28.0800000000014,0.000312423706055
28.1000000000014,4.86976341247558,28.1000000000014,0.00531120300293
28.1200000000014,4.86976341247558,28.1200000000014,0.00531120300293
28.1400000000014,4.87976036071777,28.1400000000014,0.00531120300293
28.1600000000014,4.88975730895996,28.1600000000014,0.01530876159668
28.1800000000014,4.87976036071777,28.1800000000014,0.01530876159668
28.2000000000014,4.87476188659667,28.2000000000014,0.00531120300293
28.2200000000015,4.87976036071777,28.2200000000015,0.01530876159668
28.2400000000015,4.87976036071777,28.2400000000015,0.00531120300293
28.2600000000015,4.88475883483886,28.2600000000015,0.01530876159668
28.2800000000015,4.88475883483886,28.2800000000015,0.010309982299805
28.3000000000015,4.86976341247558,28.3000000000015,-0.00468635559082
28.3200000000015,4.88975730895996,28.3200000000015,0.000312423706055
28.3400000000015,4.87476188659667,28.3400000000015,0.000312423706055
28.3600000000015,4.87976036071777,28.3600000000015,0.00531120300293
28.3800000000015,4.87476188659667,28.3800000000015,0.010309982299805
28.4000000000015,4.87976036071777,28.4000000000015,0.010309982299805
28.4200000000015,4.87476188659667,28.4200000000015,0.01530876159668
28.4400000000015,4.88475883483886,28.4400000000015,0.01530876159668
28.4600000000015,4.88475883483886,28.4600000000015,0.010309982299805
28.4800000000015,4.87976036071777,28.4800000000015,0.010309982299805
28.5000000000015,4.87476188659667,28.5000000000015,0.00531120300293
28.5200000000015,4.87976036071777,28.5200000000015,0.00531120300293
28.5400000000015,4.87976036071777,28.5400000000015,0.00531120300293
28.5600000000015,4.87976036071777,28.5600000000015,0.000312423706055
28.5800000000015,4.88975730895996,28.5800000000015,0.000312423706055
28.6000000000015,4.87976036071777,28.6000000000015,0.010309982299805
28.6200000000015,4.86976341247558,28.6200000000015,0.010309982299805
28.6400000000015,4.87476188659667,28.6400000000015,0.00531120300293
28.6600000000015,4.88475883483886,28.6600000000015,0.00531120300293
28.6800000000015,4.86976341247558,28.6800000000015,0.00531120300293
28.7000000000015,4.87976036071777,28.7000000000015,0.00531120300293
28.7200000000015,4.87976036071777,28.7200000000015,0.010309982299805
28.7400000000015,4.88475883483886,28.7400000000015,0.01530876159668
28.7600000000015,4.87976036071777,28.7600000000015,0.01530876159668
28.7800000000015,4.88475883483886,28.7800000000015,0.00531120300293
28.8000000000015,4.86976341247558,28.8000000000015,-0.00468635559082
28.8200000000015,4.87476188659667,28.8200000000015,0.00531120300293
28.8400000000015,4.86976341247558,28.8400000000015,0.010309982299805
28.8600000000016,4.87976036071777,28.8600000000016,0.01530876159668
28.8800000000016,4.87476188659667,28.8800000000016,0.000312423706055
28.9000000000016,4.87976036071777,28.9000000000016,0.010309982299805
28.9200000000016,4.87976036071777,28.9200000000016,0.010309982299805
28.9400000000016,4.87476188659667,28.9400000000016,0.010309982299805
28.9600000000016,4.86976341247558,28.9600000000016,0.00531120300293
28.9800000000016,4.87476188659667,28.9800000000016,0.000312423706055
29.0000000000016,4.87976036071777,29.0000000000016,0.010309982299805
29.0200000000016,4.87976036071777,29.0200000000016,0.010309982299805
29.0400000000016,4.87476188659667,29.0400000000016,0.010309982299805
29.0600000000016,4.87976036071777,29.0600000000016,0.010309982299805
29.0800000000016,4.87476188659667,29.0800000000016,0.00531120300293
29.1000000000016,4.87476188659667,29.1000000000016,0.000312423706055
29.1200000000016,4.88475883483886,29.1200000000016,0.00531120300293
29.1400000000016,4.87476188659667,29.1400000000016,0.00531120300293
29.1600000000016,4.87976036071777,29.1600000000016,0.000312423706055
29.1800000000016,4.87476188659667,29.1800000000016,0.00531120300293
29.2000000000016,4.87476188659667,29.2000000000016,0.010309982299805
29.2200000000016,4.87976036071777,29.2200000000016,0.010309982299805
29.2400000000016,4.88475883483886,29.2400000000016,0.010309982299805
29.2600000000016,4.88975730895996,29.2600000000016,0.010309982299805
29.2800000000016,4.88975730895996,29.2800000000016,0.01530876159668
29.3000000000016,4.88475883483886,29.3000000000016,0.01530876159668
29.3200000000016,4.87976036071777,29.3200000000016,0.010309982299805
29.3400000000016,4.87476188659667,29.3400000000016,0.00531120300293
29.3600000000016,4.87976036071777,29.3600000000016,-0.00468635559082
29.3800000000016,4.88975730895996,29.3800000000016,0.010309982299805
29.4000000000016,4.87976036071777,29.4000000000016,0.010309982299805
29.4200000000016,4.88975730895996,29.4200000000016,0.010309982299805
29.4400000000016,4.88475883483886,29.4400000000016,0.01530876159668
29.4600000000017,4.88475883483886,29.4600000000017,0.010309982299805
29.4800000000017,4.88475883483886,29.4800000000017,0.00531120300293
29.5000000000017,4.88475883483886,29.5000000000017,0.010309982299805
29.5200000000017,4.88475883483886,29.5200000000017,0.010309982299805
29.5400000000017,4.87976036071777,29.5400000000017,0.01530876159668
29.5600000000017,4.87976036071777,29.5600000000017,0.000312423706055
29.5800000000017,4.88475883483886,29.5800000000017,0.010309982299805
29.6000000000017,4.88475883483886,29.6000000000017,0.01530876159668
29.6200000000017,4.88475883483886,29.6200000000017,0.01530876159668
29.6400000000017,4.87976036071777,29.6400000000017,0.01530876159668
29.6600000000017,4.87976036071777,29.6600000000017,0.010309982299805
29.6800000000017,4.88975730895996,29.6800000000017,0.01530876159668
29.7000000000017,4.88475883483886,29.7000000000017,0.01530876159668
29.7200000000017,4.87976036071777,29.7200000000017,0.010309982299805
29.7400000000017,4.88475883483886,29.7400000000017,0.010309982299805
29.7600000000017,4.87976036071777,29.7600000000017,0.010309982299805
29.7800000000017,4.88975730895996,29.7800000000017,0.010309982299805
29.8000000000017,4.87976036071777,29.8000000000017,0.010309982299805
29.8200000000017,4.88975730895996,29.8200000000017,0.01530876159668
29.8400000000017,4.88475883483886,29.8400000000017,0.010309982299805
29.8600000000017,4.88975730895996,29.8600000000017,0.01530876159668
29.8800000000017,4.86976341247558,29.8800000000017,0.000312423706055
29.9000000000017,4.88475883483886,29.9000000000017,0.010309982299805
29.9200000000017,4.87976036071777,29.9200000000017,0.01530876159668
29.9400000000017,4.87976036071777,29.9400000000017,0.010309982299805
29.9600000000017,4.86976341247558,29.9600000000017,0.010309982299805
29.9800000000017,4.88975730895996,29.9800000000017,0.01530876159668
